RawTable,CleansedTable,RawColumnName,CleansedColumnName,DataType,TransformTag,CustomTransform,Lookup
raw.fin_cobrb,cleansed.fin_cobrb,KONTY,accountAssignmentcategory,String,,,
raw.fin_0gl_account_attr,cleansed.fin_0gl_account_attr,XSPEA,accountBlocked,String,flag-x-yes-no,,
raw.fin_0gl_account_attr,cleansed.fin_0gl_account_attr,XSPEP,accountBlockedForPlanning,String,flag-x-yes-no,,
raw.fin_0gl_account_attr,cleansed.fin_0gl_account_attr,XSPEB,accountBlockedForPosting,String,flag-x-yes-no,,
raw.fin_0gl_account_attr,cleansed.fin_0gl_account_attr,XLOEV,accountDeletion,String,flag-x-yes-no,,
raw.fin_0gl_account_attr,cleansed.fin_0gl_account_attr,XBILK,accountTypeBSIndicator,String,flag-x-yes-no,,
raw.fin_0costcenter_attr,cleansed.fin_0costcenter_attr,BKZKP,actualPrimaryCostLockIndicator,String,flag-x-yes-no,,
raw.fin_0costcenter_attr,cleansed.fin_0costcenter_attr,BKZER,actualRevenuePostingLockIndicator,String,flag-x-yes-no,,
raw.fin_0costcenter_attr,cleansed.fin_0costcenter_attr,BKZKS,actualSecondaryCostLockIndicator,String,flag-x-yes-no,,
raw.fin_cobra,cleansed.fin_cobra,ABSCH,allocationForSettlement,String,,,
raw.fin_0costcenter_attr,cleansed.fin_0costcenter_attr,VMETH,allowedAllocationMethodLockIndicator,String,flag-x-yes-no,,
raw.fin_cobrb,cleansed.fin_cobrb,BETRR,amountRule,Float,,,
raw.fin_cobrb,cleansed.fin_cobrb,BRTYP,amountRuleType,String,,,
raw.fin_0costcenter_attr,cleansed.fin_0costcenter_attr,KAPPL,application,String,,,
raw.fin_cobrb,cleansed.fin_cobrb,ANLN2,assetSubnumber,String,,,
raw.fin_cobrb,cleansed.fin_cobrb,ANBWA,assetTransactionType,String,,,
raw.fin_cobra,cleansed.fin_cobra,BZDAT,assetValueDate,Date,str-yyyy-mm-dd-to-date,,
raw.fin_coss,cleansed.fin_coss,BUDGET_PD,budgetPeriod,String,,,
raw.fin_cosp,cleansed.fin_cosp,BUDGET_PD,budgetPeriod,String,,,
raw.fin_cobrb,cleansed.fin_cobrb,GSBER,businessArea,String,,,
raw.fin_0costcenter_attr,cleansed.fin_0costcenter_attr,GSBER,businessArea,String,,,
raw.fin_cobrb,cleansed.fin_cobrb,PRZNR,businessProcess,String,,,
raw.fin_cobra,cleansed.fin_cobra,AENAM,changedBy,String,,,
raw.fin_cobra,cleansed.fin_cobra,AEDAT,changedOn,Date,str-yyyy-mm-dd-to-date,,
raw.fin_0gl_account_attr,cleansed.fin_0gl_account_attr,KTOPL,chartOfAccounts,String,,,
raw.fin_0gl_account_text,cleansed.fin_0gl_account_text,KTOPL,chartOfAccounts,String,,,
raw.fin_0comp_code_attr,cleansed.fin_0comp_code_attr,KTOPL,chartOfAccounts,String,,,
raw.fin_0profit_ctr_attr,cleansed.fin_0profit_ctr_attr,ORT01,city,String,,,
raw.fin_0costcenter_attr,cleansed.fin_0costcenter_attr,ORT01,city,String,,,
raw.fin_coss,cleansed.fin_coss,VRGNG,cobusinessTransaction,String,,,
raw.fin_cosp,cleansed.fin_cosp,VRGNG,cobusinessTransaction,String,,,
raw.fin_coss,cleansed.fin_coss,HRKFT,coKeySubNumber,String,,,
raw.fin_cosp,cleansed.fin_cosp,HRKFT,coKeySubNumber,String,,,
raw.fin_0costcenter_attr,cleansed.fin_0costcenter_attr,BKZOB,commitmentUpdateLockIndicator,String,flag-x-yes-no,,
raw.fin_0comp_code_attr,cleansed.fin_0comp_code_attr,RCOMP,company,String,,,
raw.fin_cobrb,cleansed.fin_cobrb,BUKRS,companyCode,String,,,
raw.fin_coss,cleansed.fin_coss,BUKRS,companyCode,String,,,
raw.fin_cosp,cleansed.fin_cosp,BUKRS,companyCode,String,,,
raw.fin_0comp_code_attr,cleansed.fin_0comp_code_attr,BUKRS,companyCode,String,,,
raw.fin_0comp_code_text,cleansed.fin_0comp_code_text,BUKRS,companyCode,String,,,
raw.fin_0costcenter_attr,cleansed.fin_0costcenter_attr,BUKRS,companyCode,String,,,
raw.fin_0comp_code_text,cleansed.fin_0comp_code_text,TXTMD,companyCodeName,String,,,
raw.fin_0costcenter_attr,cleansed.fin_0costcenter_attr,KOMPL,completionFlagIndicator,String,flag-x-yes-no,,
raw.fin_0costcenter_attr,cleansed.fin_0costcenter_attr,KVEWE,conditionTableUsage,String,,,
raw.fin_cobrb,cleansed.fin_cobrb,KOKRS,controllingArea,String,,,
raw.fin_0profit_ctr_attr,cleansed.fin_0profit_ctr_attr,KOKRS,controllingArea,String,,,
raw.fin_0profit_ctr_text,cleansed.fin_0profit_ctr_text,KOKRS,controllingArea,string,,,
raw.fin_0co_area_text,cleansed.fin_0co_area_text,KOKRS,controllingArea,String,,,
raw.fin_0costcenter_attr,cleansed.fin_0costcenter_attr,KOKRS,controllingArea,String,,,
raw.fin_0costcenter_text,cleansed.fin_0costcenter_text,KOKRS,controllingArea,String,,,
raw.fin_0costelmnt_text,cleansed.fin_0costelmnt_text,KOKRS,controllingArea,String,,,
raw.fin_0costcenter_attr,cleansed.fin_0costcenter_attr,KOSZSCHL,controllingOverheadKey,String,,,
raw.fin_0costcenter_attr,cleansed.fin_0costcenter_attr,KOSTL,costCenter,String,,,
raw.fin_0costcenter_attr,cleansed.fin_0costcenter_attr,KOSAR,costCenterCategory,String,,,
raw.fin_0costcenter_text,cleansed.fin_0costcenter_text,KOSTL,costCentre,String,,,
raw.fin_0costcenter_attr,cleansed.fin_0costcenter_attr,AFUNK,costCentreAlternateFunction,String,,,
raw.fin_0costcenter_attr,cleansed.fin_0costcenter_attr,FUNKT,costCentreFunction,String,,,
raw.fin_0costcenter_attr,cleansed.fin_0costcenter_attr,CCKEY,costCollectorKey,String,,,
raw.fin_coss,cleansed.fin_coss,KSTAR,costElement,String,,,
raw.fin_cosp,cleansed.fin_cosp,KSTAR,costElement,String,,,
raw.fin_0costelmnt_text,cleansed.fin_0costelmnt_text,KSTAR,costElement,String,,,
raw.fin_0costelmnt_text,cleansed.fin_0costelmnt_text,TXTMD,costElementMeduimDescription,String,,,
raw.fin_0costelmnt_text,cleansed.fin_0costelmnt_text,TXTSH,costElementShortDescription,String,,,
raw.fin_0costcenter_attr,cleansed.fin_0costcenter_attr,KALSM,costingSheet,String,,,
raw.fin_cobrb,cleansed.fin_cobrb,KSTRG,costObject,String,,,
raw.fin_0profit_ctr_attr,cleansed.fin_0profit_ctr_attr,LAND1,countryKey,String,,,
raw.fin_0comp_code_attr,cleansed.fin_0comp_code_attr,LAND1,countryKey,String,,,
raw.fin_0costcenter_attr,cleansed.fin_0costcenter_attr,LAND1,countryKey,String,,,
raw.fin_0costcenter_attr,cleansed.fin_0costcenter_attr,CPD_TEMPL,cpdTemplate,String,,,
raw.fin_0costcenter_attr,cleansed.fin_0costcenter_attr,CPI_TEMPL,cpiTemplate,String,,,
raw.fin_0gl_account_attr,cleansed.fin_0gl_account_attr,ERNAM,createdBy,String,,,
raw.fin_cobra,cleansed.fin_cobra,ERDAT,createdOn,Date,str-yyyy-mm-dd-to-date,,
raw.fin_coss,cleansed.fin_coss,TIMESTMP,createdOn,DateTime,int-utc-to-sydney-datetime,,
raw.fin_cosp,cleansed.fin_cosp,TIMESTMP,createdOn,DateTime,int-utc-to-sydney-datetime,,
raw.fin_0gl_account_attr,cleansed.fin_0gl_account_attr,ERDAT,createdOn,date,str-yyyy-mm-dd-to-date,,
raw.fin_cobra,cleansed.fin_cobra,TIMESTMP,createdTime,DateTime,int-utc-to-sydney-datetime,,
raw.fin_0comp_code_attr,cleansed.fin_0comp_code_attr,KKBER,creditControlArea,String,,,
raw.fin_cobrb,cleansed.fin_cobrb,BWAER,currency,String,,,
raw.fin_0profit_ctr_attr,cleansed.fin_0profit_ctr_attr,WAERS,currencyKey,String,,,
raw.fin_0comp_code_attr,cleansed.fin_0comp_code_attr,WAERS,currencyKey,String,,,
raw.fin_0costcenter_attr,cleansed.fin_0costcenter_attr,WAERS,currencyKey,String,,,
raw.fin_cobra,cleansed.fin_cobra,ADDCURR,currencySettlement,String,,,
raw.fin_0costcenter_attr,cleansed.fin_0costcenter_attr,DATLT,dataCommunicationLineNo,String,,,
raw.fin_0profit_ctr_attr,cleansed.fin_0profit_ctr_attr,DATLT,dataCommunicationNo,String,,,
raw.fin_coss,cleansed.fin_coss,BEKNZ,debitCreditIndicator,String,,,
raw.fin_cosp,cleansed.fin_cosp,BEKNZ,debitCreditIndicator,String,,,
raw.fin_coss,cleansed.fin_coss,BELTP,debitType,Integer,,,
raw.fin_cosp,cleansed.fin_cosp,BELTP,debitType,Integer,,,
raw.fin_cobrb,cleansed.fin_cobrb,DFREG,defaultRule,String,,,
raw.fin_0profit_ctr_attr,cleansed.fin_0profit_ctr_attr,ABTEI,department,String,,,
raw.fin_0costcenter_attr,cleansed.fin_0costcenter_attr,ABTEI,department,String,,,
raw.fin_cobrb,cleansed.fin_cobrb,RIFIND,derivationRule,String,,,
raw.fin_0gl_account_attr,cleansed.fin_0gl_account_attr,DI_OPERATION_TYPE,di_operation_type,String,,,
raw.fin_0profit_ctr_attr,cleansed.fin_0profit_ctr_attr,DI_OPERATION_TYPE,di_operation_type,String,,,
raw.fin_0profit_ctr_text,cleansed.fin_0profit_ctr_text,DI_OPERATION_TYPE,di_operation_type,String,,,
raw.fin_0costcenter_text,cleansed.fin_0costcenter_text,DI_OPERATION_TYPE,di_operation_type,String,,,
raw.fin_0gl_account_attr,cleansed.fin_0gl_account_attr,DI_SEQUENCE_NUMBER,di_sequence_number,bigint,,,
raw.fin_0profit_ctr_attr,cleansed.fin_0profit_ctr_attr,DI_SEQUENCE_NUMBER,di_sequence_number,bigint,,,
raw.fin_0profit_ctr_text,cleansed.fin_0profit_ctr_text,DI_SEQUENCE_NUMBER,di_sequence_number,bigint,,,
raw.fin_0costcenter_text,cleansed.fin_0costcenter_text,DI_SEQUENCE_NUMBER,di_sequence_number,bigint,,,
raw.fin_cobrb,cleansed.fin_cobrb,BUREG,distributionRuleGroup,Integer,,,
raw.fin_cobrb,cleansed.fin_cobrb,EXTNR,distributionRuleNumber,Integer,,,
raw.fin_0profit_ctr_attr,cleansed.fin_0profit_ctr_attr,ORT02,district,String,,,
raw.fin_0costcenter_attr,cleansed.fin_0costcenter_attr,ORT02,district,String,,,
raw.fin_0ac_doc_typ_text,cleansed.fin_0ac_doc_typ_text,BLART,documentType,String,,,
raw.fin_0ac_doc_typ_text,cleansed.fin_0ac_doc_typ_text,LTEXT,documentTypeDescription,String,,,
raw.fin_cobra,cleansed.fin_cobra,ERNAM,enteredBy,String,,,
raw.fin_0profit_ctr_attr,cleansed.fin_0profit_ctr_attr,USNAM,enteredBy,String,,,
raw.fin_0costcenter_attr,cleansed.fin_0costcenter_attr,USNAM,enteredBy,String,,,
raw.fin_0profit_ctr_attr,cleansed.fin_0profit_ctr_attr,ERSDA,enteredOn,date,str-yyyy-mm-dd-to-date,,
raw.fin_0costcenter_attr,cleansed.fin_0costcenter_attr,ERSDA,enteredOn,Date,str-yyyy-mm-dd-to-date,,
raw.fin_0costcenter_attr,cleansed.fin_0costcenter_attr,ETYPE,equityType,String,,,
raw.fin_cobrb,cleansed.fin_cobrb,AQZIF,equivalenceOrderSettlement,Integer,,,
raw.fin_cobrb,cleansed.fin_cobrb,EXTRACT_DATETIME,extract_datetime,String,,,
raw.fin_cobra,cleansed.fin_cobra,EXTRACT_DATETIME,extract_datetime,String,,,
raw.fin_coss,cleansed.fin_coss,EXTRACT_DATETIME,extract_datetime,String,,,
raw.fin_cosp,cleansed.fin_cosp,EXTRACT_DATETIME,extract_datetime,String,,,
raw.fin_0gl_account_attr,cleansed.fin_0gl_account_attr,EXTRACT_DATETIME,extract_datetime,String,,,
raw.fin_0gl_account_text,cleansed.fin_0gl_account_text,EXTRACT_DATETIME,extract_datetime,String,,,
raw.fin_0profit_ctr_attr,cleansed.fin_0profit_ctr_attr,EXTRACT_DATETIME,extract_datetime,String,,,
raw.fin_0profit_ctr_text,cleansed.fin_0profit_ctr_text,EXTRACT_DATETIME,extract_datetime,String,,,
raw.fin_0ac_ledger_text,cleansed.fin_0ac_ledger_text,EXTRACT_DATETIME,extract_datetime,String,,,
raw.fin_0ac_doc_typ_text,cleansed.fin_0ac_doc_typ_text,EXTRACT_DATETIME,extract_datetime,String,,,
raw.fin_0co_area_text,cleansed.fin_0co_area_text,EXTRACT_DATETIME,extract_datetime,String,,,
raw.fin_0comp_code_attr,cleansed.fin_0comp_code_attr,EXTRACT_DATETIME,extract_datetime,String,,,
raw.fin_0comp_code_text,cleansed.fin_0comp_code_text,EXTRACT_DATETIME,extract_datetime,String,,,
raw.fin_0costcenter_attr,cleansed.fin_0costcenter_attr,EXTRACT_DATETIME,extract_datetime,String,,,
raw.fin_0costcenter_text,cleansed.fin_0costcenter_text,EXTRACT_DATETIME,extract_datetime,String,,,
raw.fin_0costelmnt_text,cleansed.fin_0costelmnt_text,EXTRACT_DATETIME,extract_datetime,String,,,
raw.fin_0version_text,cleansed.fin_0version_text,EXTRACT_DATETIME,extract_datetime,String,,,
raw.fin_0profit_ctr_attr,cleansed.fin_0profit_ctr_attr,TELFX,faxNumber,String,,,
raw.fin_0costcenter_attr,cleansed.fin_0costcenter_attr,TELFX,faxNumber,String,,,
raw.fin_cobra,cleansed.fin_cobra,LYOPR,finalYearOldPlanSettlement,Integer,,,
raw.fin_coss,cleansed.fin_coss,GJAHR,fiscalYear,Integer,,,
raw.fin_cosp,cleansed.fin_cosp,GJAHR,fiscalYear,Integer,,,
raw.fin_coss,cleansed.fin_coss,PAF001,fixedPriceVariance1,Float,,,
raw.fin_coss,cleansed.fin_coss,PAF010,fixedPriceVariance10,Float,,,
raw.fin_coss,cleansed.fin_coss,PAF011,fixedPriceVariance11,Float,,,
raw.fin_coss,cleansed.fin_coss,PAF012,fixedPriceVariance12,Float,,,
raw.fin_coss,cleansed.fin_coss,PAF013,fixedPriceVariance13,Float,,,
raw.fin_coss,cleansed.fin_coss,PAF014,fixedPriceVariance14,Float,,,
raw.fin_coss,cleansed.fin_coss,PAF015,fixedPriceVariance15,Float,,,
raw.fin_coss,cleansed.fin_coss,PAF016,fixedPriceVariance16,Float,,,
raw.fin_coss,cleansed.fin_coss,PAF002,fixedPriceVariance2,Float,,,
raw.fin_coss,cleansed.fin_coss,PAF003,fixedPriceVariance3,Float,,,
raw.fin_coss,cleansed.fin_coss,PAF004,fixedPriceVariance4,Float,,,
raw.fin_coss,cleansed.fin_coss,PAF005,fixedPriceVariance5,Float,,,
raw.fin_coss,cleansed.fin_coss,PAF006,fixedPriceVariance6,Float,,,
raw.fin_coss,cleansed.fin_coss,PAF007,fixedPriceVariance7,Float,,,
raw.fin_coss,cleansed.fin_coss,PAF008,fixedPriceVariance8,Float,,,
raw.fin_coss,cleansed.fin_coss,PAF009,fixedPriceVariance9,Float,,,
raw.fin_coss,cleansed.fin_coss,MEF001,fixedQuantity1,Float,,,
raw.fin_cosp,cleansed.fin_cosp,MEF001,fixedQuantity1,Float,,,
raw.fin_coss,cleansed.fin_coss,MEF010,fixedQuantity10,Float,,,
raw.fin_cosp,cleansed.fin_cosp,MEF010,fixedQuantity10,Float,,,
raw.fin_coss,cleansed.fin_coss,MEF011,fixedQuantity11,Float,,,
raw.fin_cosp,cleansed.fin_cosp,MEF011,fixedQuantity11,Float,,,
raw.fin_coss,cleansed.fin_coss,MEF012,fixedQuantity12,Float,,,
raw.fin_cosp,cleansed.fin_cosp,MEF012,fixedQuantity12,Float,,,
raw.fin_coss,cleansed.fin_coss,MEF013,fixedQuantity13,Float,,,
raw.fin_cosp,cleansed.fin_cosp,MEF013,fixedQuantity13,Float,,,
raw.fin_coss,cleansed.fin_coss,MEF014,fixedQuantity14,Float,,,
raw.fin_cosp,cleansed.fin_cosp,MEF014,fixedQuantity14,Float,,,
raw.fin_coss,cleansed.fin_coss,MEF015,fixedQuantity15,Float,,,
raw.fin_cosp,cleansed.fin_cosp,MEF015,fixedQuantity15,Float,,,
raw.fin_coss,cleansed.fin_coss,MEF016,fixedQuantity16,Float,,,
raw.fin_cosp,cleansed.fin_cosp,MEF016,fixedQuantity16,Float,,,
raw.fin_coss,cleansed.fin_coss,MEF002,fixedQuantity2,Float,,,
raw.fin_cosp,cleansed.fin_cosp,MEF002,fixedQuantity2,Float,,,
raw.fin_coss,cleansed.fin_coss,MEF003,fixedQuantity3,Float,,,
raw.fin_cosp,cleansed.fin_cosp,MEF003,fixedQuantity3,Float,,,
raw.fin_coss,cleansed.fin_coss,MEF004,fixedQuantity4,Float,,,
raw.fin_cosp,cleansed.fin_cosp,MEF004,fixedQuantity4,Float,,,
raw.fin_coss,cleansed.fin_coss,MEF005,fixedQuantity5,Float,,,
raw.fin_cosp,cleansed.fin_cosp,MEF005,fixedQuantity5,Float,,,
raw.fin_coss,cleansed.fin_coss,MEF006,fixedQuantity6,Float,,,
raw.fin_cosp,cleansed.fin_cosp,MEF006,fixedQuantity6,Float,,,
raw.fin_coss,cleansed.fin_coss,MEF007,fixedQuantity7,Float,,,
raw.fin_cosp,cleansed.fin_cosp,MEF007,fixedQuantity7,Float,,,
raw.fin_coss,cleansed.fin_coss,MEF008,fixedQuantity8,Float,,,
raw.fin_cosp,cleansed.fin_cosp,MEF008,fixedQuantity8,Float,,,
raw.fin_coss,cleansed.fin_coss,MEF009,fixedQuantity9,Float,,,
raw.fin_cosp,cleansed.fin_cosp,MEF009,fixedQuantity9,Float,,,
raw.fin_coss,cleansed.fin_coss,WKF001,fixedValueControllingArea1,Float,,,
raw.fin_cosp,cleansed.fin_cosp,WKF001,fixedValueControllingArea1,Float,,,
raw.fin_coss,cleansed.fin_coss,WKF010,fixedValueControllingArea10,Float,,,
raw.fin_cosp,cleansed.fin_cosp,WKF010,fixedValueControllingArea10,Float,,,
raw.fin_coss,cleansed.fin_coss,WKF011,fixedValueControllingArea11,Float,,,
raw.fin_cosp,cleansed.fin_cosp,WKF011,fixedValueControllingArea11,Float,,,
raw.fin_coss,cleansed.fin_coss,WKF012,fixedValueControllingArea12,Float,,,
raw.fin_cosp,cleansed.fin_cosp,WKF012,fixedValueControllingArea12,Float,,,
raw.fin_coss,cleansed.fin_coss,WKF013,fixedValueControllingArea13,Float,,,
raw.fin_cosp,cleansed.fin_cosp,WKF013,fixedValueControllingArea13,Float,,,
raw.fin_coss,cleansed.fin_coss,WKF014,fixedValueControllingArea14,Float,,,
raw.fin_cosp,cleansed.fin_cosp,WKF014,fixedValueControllingArea14,Float,,,
raw.fin_coss,cleansed.fin_coss,WKF015,fixedValueControllingArea15,Float,,,
raw.fin_cosp,cleansed.fin_cosp,WKF015,fixedValueControllingArea15,Float,,,
raw.fin_coss,cleansed.fin_coss,WKF016,fixedValueControllingArea16,Float,,,
raw.fin_cosp,cleansed.fin_cosp,WKF016,fixedValueControllingArea16,Float,,,
raw.fin_coss,cleansed.fin_coss,WKF002,fixedValueControllingArea2,Float,,,
raw.fin_cosp,cleansed.fin_cosp,WKF002,fixedValueControllingArea2,Float,,,
raw.fin_coss,cleansed.fin_coss,WKF003,fixedValueControllingArea3,Float,,,
raw.fin_cosp,cleansed.fin_cosp,WKF003,fixedValueControllingArea3,Float,,,
raw.fin_coss,cleansed.fin_coss,WKF004,fixedValueControllingArea4,Float,,,
raw.fin_cosp,cleansed.fin_cosp,WKF004,fixedValueControllingArea4,Float,,,
raw.fin_coss,cleansed.fin_coss,WKF005,fixedValueControllingArea5,Float,,,
raw.fin_cosp,cleansed.fin_cosp,WKF005,fixedValueControllingArea5,Float,,,
raw.fin_coss,cleansed.fin_coss,WKF006,fixedValueControllingArea6,Float,,,
raw.fin_cosp,cleansed.fin_cosp,WKF006,fixedValueControllingArea6,Float,,,
raw.fin_coss,cleansed.fin_coss,WKF007,fixedValueControllingArea7,Float,,,
raw.fin_cosp,cleansed.fin_cosp,WKF007,fixedValueControllingArea7,Float,,,
raw.fin_coss,cleansed.fin_coss,WKF008,fixedValueControllingArea8,Float,,,
raw.fin_cosp,cleansed.fin_cosp,WKF008,fixedValueControllingArea8,Float,,,
raw.fin_coss,cleansed.fin_coss,WKF009,fixedValueControllingArea9,Float,,,
raw.fin_cosp,cleansed.fin_cosp,WKF009,fixedValueControllingArea9,Float,,,
raw.fin_coss,cleansed.fin_coss,FKBER,functionalArea,String,,,
raw.fin_cosp,cleansed.fin_cosp,FKBER,functionalArea,String,,,
raw.fin_0gl_account_attr,cleansed.fin_0gl_account_attr,FUNC_AREA,functionalArea,String,,,
raw.fin_0costcenter_attr,cleansed.fin_0costcenter_attr,FUNC_AREA,functionalArea,String,,,
raw.fin_coss,cleansed.fin_coss,GEBER,fund,String,,,
raw.fin_cosp,cleansed.fin_cosp,GEBER,fund,String,,,
raw.fin_0comp_code_attr,cleansed.fin_0comp_code_attr,PERIV,fyVariant,String,,,
raw.fin_0gl_account_attr,cleansed.fin_0gl_account_attr,KTOKS,glAccountGroup,String,,,
raw.fin_0gl_account_text,cleansed.fin_0gl_account_text,TXTLG,glAccountLongText,String,,,
raw.fin_cobrb,cleansed.fin_cobrb,HKONT,glAccountNumber,String,,,
raw.fin_0gl_account_attr,cleansed.fin_0gl_account_attr,SAKNR,glAccountNumber,String,,,
raw.fin_0gl_account_text,cleansed.fin_0gl_account_text,SAKNR,glaccountnumber,String,,,
raw.fin_0gl_account_attr,cleansed.fin_0gl_account_attr,SAKAN,glAccountNumberWithPrefix,String,,,
raw.fin_0gl_account_text,cleansed.fin_0gl_account_text,TXTSH,glAccountShortText,String,,,
raw.fin_coss,cleansed.fin_coss,GRANT_NBR,grant,String,,,
raw.fin_cosp,cleansed.fin_cosp,GRANT_NBR,grant,String,,,
raw.fin_0gl_account_attr,cleansed.fin_0gl_account_attr,BILKT,groupAccountNumber,String,,,
raw.fin_cobra,cleansed.fin_cobra,HIENR,hierarchyNumber,Integer,,,
raw.fin_cobrb,cleansed.fin_cobrb,ZINCL,includingOverheadsIndicator,String,flag-x-yes-no,,
raw.fin_cobra,cleansed.fin_cobra,ERSAV,incorectUpdateIdentifier,String,,,
raw.fin_cobrb,cleansed.fin_cobrb,APLZL,internalcounter,Integer,,,
raw.fin_cobrb,cleansed.fin_cobrb,KDPOS,itemNumber,Integer,,,
raw.fin_0costcenter_attr,cleansed.fin_0costcenter_attr,JV_JIBCL,jibJIBEClass,String,,,
raw.fin_0costcenter_attr,cleansed.fin_0costcenter_attr,JV_JIBSA,jibJIBESubClass,String,,,
raw.fin_0costcenter_attr,cleansed.fin_0costcenter_attr,VNAME,jointVenture,String,,,
raw.fin_0costcenter_attr,cleansed.fin_0costcenter_attr,JV_OTYPE,jointVentureObjectType,String,,,
raw.fin_0costcenter_attr,cleansed.fin_0costcenter_attr,SPRAS,languageKey,String,,,
raw.fin_0version_text,cleansed.fin_0version_text,SPRAS,languageKey,String,,,
raw.fin_cobrb,cleansed.fin_cobrb,LEDNR,ledger,String,,,
raw.fin_0ac_ledger_text,cleansed.fin_0ac_ledger_text,RLDNR,ledger,String,,,
raw.fin_coss,cleansed.fin_coss,LEDNR,ledgerForControllingObjects,String,,,
raw.fin_cosp,cleansed.fin_cosp,LEDNR,ledgerForControllingObjects,String,,,
raw.fin_cobrb,cleansed.fin_cobrb,LDGRP,ledgerGroup,String,,,
raw.fin_0ac_ledger_text,cleansed.fin_0ac_ledger_text,NAME,ledgerName,String,,,
raw.fin_0profit_ctr_attr,cleansed.fin_0profit_ctr_attr,LOCK_IND,lockIndicator,String,flag-x-yes-no,,
raw.fin_0costcenter_attr,cleansed.fin_0costcenter_attr,LOGSYSTEM,logicalSystem,String,,,
raw.fin_0costcenter_text,cleansed.fin_0costcenter_text,TXTMC,longDescription,String,,,
raw.fin_cobrb,cleansed.fin_cobrb,ANLN1,mainAssetNumber,String,,,
raw.fin_cobrb,cleansed.fin_cobrb,MRULE,manipulationRule,String,,,
raw.fin_cobrb,cleansed.fin_cobrb,MATNR,materialNumber,String,,,
raw.fin_0profit_ctr_text,cleansed.fin_0profit_ctr_text,TXTMD,mediumDescription,string,,,
raw.fin_0co_area_text,cleansed.fin_0co_area_text,TXTMD,mediumDescription,String,,,
raw.fin_0costcenter_text,cleansed.fin_0costcenter_text,TXTMD,mediumDescription,String,,,
raw.fin_0profit_ctr_attr,cleansed.fin_0profit_ctr_attr,NAME1,name1,String,,,
raw.fin_0costcenter_attr,cleansed.fin_0costcenter_attr,NAME1,name1,String,,,
raw.fin_0profit_ctr_attr,cleansed.fin_0profit_ctr_attr,NAME2,name2,String,,,
raw.fin_0costcenter_attr,cleansed.fin_0costcenter_attr,NAME2,name2,String,,,
raw.fin_0profit_ctr_attr,cleansed.fin_0profit_ctr_attr,NAME3,name3,String,,,
raw.fin_0costcenter_attr,cleansed.fin_0costcenter_attr,NAME3,name3,String,,,
raw.fin_0profit_ctr_attr,cleansed.fin_0profit_ctr_attr,NAME4,name4,String,,,
raw.fin_0costcenter_attr,cleansed.fin_0costcenter_attr,NAME4,name4,String,,,
raw.fin_0version_text,cleansed.fin_0version_text,VTEXT,nameOfVersion,String,,,
raw.fin_cobrb,cleansed.fin_cobrb,NPLNR,networkAccountAssignment,String,,,
raw.fin_cobrb,cleansed.fin_cobrb,OBJNR,objectnumber,String,,,
raw.fin_cobra,cleansed.fin_cobra,OBJNR,objectNumber,String,,,
raw.fin_coss,cleansed.fin_coss,OBJNR,objectnumber,String,,,
raw.fin_cosp,cleansed.fin_cosp,OBJNR,objectnumber,String,,,
raw.fin_0costcenter_attr,cleansed.fin_0costcenter_attr,OBJNR,objectNumber,String,,,
raw.fin_cobrb,cleansed.fin_cobrb,REC_OBJNR1,objectSettlementReceiver1,String,,,
raw.fin_cobrb,cleansed.fin_cobrb,REC_OBJNR2,objectSettlementReceiver2,String,,,
raw.fin_cobrb,cleansed.fin_cobrb,POSNR,orderItemnumber,Integer,,,
raw.fin_cobrb,cleansed.fin_cobrb,AUFNR,orderNumber,String,,,
raw.fin_coss,cleansed.fin_coss,PAROB,partnerObject,String,,,
raw.fin_0profit_ctr_attr,cleansed.fin_0profit_ctr_attr,PCA_TEMPLATE,pcaTemplate,String,,,
raw.fin_coss,cleansed.fin_coss,PERBL,periodBlock,Integer,,,
raw.fin_cosp,cleansed.fin_cosp,PERBL,periodBlock,Integer,,,
raw.fin_cobrb,cleansed.fin_cobrb,ERSPE,periodFirstUse,Integer,,,
raw.fin_cobrb,cleansed.fin_cobrb,LETPE,periodLastUse,Integer,,,
raw.fin_cobra,cleansed.fin_cobra,LETPE,periodLastUsed,Integer,,,
raw.fin_0costcenter_attr,cleansed.fin_0costcenter_attr,VERAK,personResponsible,String,,,
raw.fin_0gl_account_attr,cleansed.fin_0gl_account_attr,GVTYP,plAccountType,String,,,
raw.fin_0costcenter_attr,cleansed.fin_0costcenter_attr,PKZER,planningRevenueLockIndicator,String,flag-x-yes-no,,
raw.fin_0costcenter_attr,cleansed.fin_0costcenter_attr,PKZKP,planPrimaryCostLockIndicator,String,flag-x-yes-no,,
raw.fin_0costcenter_attr,cleansed.fin_0costcenter_attr,PKZKS,planSecondaryCostLockIndicator,String,flag-x-yes-no,,
raw.fin_cobrb,cleansed.fin_cobrb,WERKS,plant,String,,,
raw.fin_0costcenter_attr,cleansed.fin_0costcenter_attr,WERKS,plant,String,,,
raw.fin_0profit_ctr_attr,cleansed.fin_0profit_ctr_attr,PFACH,pobox,String,,,
raw.fin_0costcenter_attr,cleansed.fin_0costcenter_attr,PFACH,poBox,String,,,
raw.fin_0profit_ctr_attr,cleansed.fin_0profit_ctr_attr,PSTL2,poBoxPostalCode,String,,,
raw.fin_0costcenter_attr,cleansed.fin_0costcenter_attr,PSTL2,poBoxPostalCode,String,,,
raw.fin_0profit_ctr_attr,cleansed.fin_0profit_ctr_attr,PSTLZ,postalCode,String,,,
raw.fin_0costcenter_attr,cleansed.fin_0costcenter_attr,PSTLZ,postalCode,String,,,
raw.fin_0costcenter_attr,cleansed.fin_0costcenter_attr,DRNAM,PrinterDestination,String,,,
raw.fin_0profit_ctr_attr,cleansed.fin_0profit_ctr_attr,DRNAM,printerName,String,,,
raw.fin_cobrb,cleansed.fin_cobrb,PASUBNR,profitabilitySegmentChanges,Integer,,,
raw.fin_cobrb,cleansed.fin_cobrb,PAOBJNR,profitabilitySegmentNumber,Integer,,,
raw.fin_cobrb,cleansed.fin_cobrb,PRCTR,profitCenter,String,,,
raw.fin_0profit_ctr_attr,cleansed.fin_0profit_ctr_attr,PRCTR,profitCenter,String,,,
raw.fin_0profit_ctr_text,cleansed.fin_0profit_ctr_text,PRCTR,profitCenter,string,,,
raw.fin_0costcenter_attr,cleansed.fin_0costcenter_attr,PRCTR,profitCenter,String,,,
raw.fin_0profit_ctr_attr,cleansed.fin_0profit_ctr_attr,KHINR,profitCenterArea,String,,,
raw.fin_0profit_ctr_attr,cleansed.fin_0profit_ctr_attr,VERAK,profitCenterPersonResponsible,String,,,
raw.fin_0profit_ctr_attr,cleansed.fin_0profit_ctr_attr,VERAK_USER,profitCenterUserResponsible,String,,,
raw.fin_cobra,cleansed.fin_cobra,ANALG,propotionalSettlementIdentifier,String,,,
raw.fin_coss,cleansed.fin_coss,MUV001,quantitiesIncomplete1,String,,,
raw.fin_cosp,cleansed.fin_cosp,MUV001,quantitiesIncomplete1,String,,,
raw.fin_coss,cleansed.fin_coss,MUV010,quantitiesIncomplete10,String,,,
raw.fin_cosp,cleansed.fin_cosp,MUV010,quantitiesIncomplete10,String,,,
raw.fin_coss,cleansed.fin_coss,MUV011,quantitiesIncomplete11,String,,,
raw.fin_cosp,cleansed.fin_cosp,MUV011,quantitiesIncomplete11,String,,,
raw.fin_coss,cleansed.fin_coss,MUV012,quantitiesIncomplete12,String,,,
raw.fin_cosp,cleansed.fin_cosp,MUV012,quantitiesIncomplete12,String,,,
raw.fin_coss,cleansed.fin_coss,MUV013,quantitiesIncomplete13,String,,,
raw.fin_cosp,cleansed.fin_cosp,MUV013,quantitiesIncomplete13,String,,,
raw.fin_coss,cleansed.fin_coss,MUV014,quantitiesIncomplete14,String,,,
raw.fin_cosp,cleansed.fin_cosp,MUV014,quantitiesIncomplete14,String,,,
raw.fin_coss,cleansed.fin_coss,MUV015,quantitiesIncomplete15,String,,,
raw.fin_cosp,cleansed.fin_cosp,MUV015,quantitiesIncomplete15,String,,,
raw.fin_coss,cleansed.fin_coss,MUV016,quantitiesIncomplete16,String,,,
raw.fin_cosp,cleansed.fin_cosp,MUV016,quantitiesIncomplete16,String,,,
raw.fin_coss,cleansed.fin_coss,MUV002,quantitiesIncomplete2,String,,,
raw.fin_cosp,cleansed.fin_cosp,MUV002,quantitiesIncomplete2,String,,,
raw.fin_coss,cleansed.fin_coss,MUV003,quantitiesIncomplete3,String,,,
raw.fin_cosp,cleansed.fin_cosp,MUV003,quantitiesIncomplete3,String,,,
raw.fin_coss,cleansed.fin_coss,MUV004,quantitiesIncomplete4,String,,,
raw.fin_cosp,cleansed.fin_cosp,MUV004,quantitiesIncomplete4,String,,,
raw.fin_coss,cleansed.fin_coss,MUV005,quantitiesIncomplete5,String,,,
raw.fin_cosp,cleansed.fin_cosp,MUV005,quantitiesIncomplete5,String,,,
raw.fin_coss,cleansed.fin_coss,MUV006,quantitiesIncomplete6,String,,,
raw.fin_cosp,cleansed.fin_cosp,MUV006,quantitiesIncomplete6,String,,,
raw.fin_coss,cleansed.fin_coss,MUV007,quantitiesIncomplete7,String,,,
raw.fin_cosp,cleansed.fin_cosp,MUV007,quantitiesIncomplete7,String,,,
raw.fin_coss,cleansed.fin_coss,MUV008,quantitiesIncomplete8,String,,,
raw.fin_cosp,cleansed.fin_cosp,MUV008,quantitiesIncomplete8,String,,,
raw.fin_coss,cleansed.fin_coss,MUV009,quantitiesIncomplete9,String,,,
raw.fin_cosp,cleansed.fin_cosp,MUV009,quantitiesIncomplete9,String,,,
raw.fin_cobrb,cleansed.fin_cobrb,KOSTL,receiverCostCenter,String,,,
raw.fin_0costcenter_attr,cleansed.fin_0costcenter_attr,MGEFL,recordingConsumptionQuantitiesLockIndicator,String,flag-x-yes-no,,
raw.fin_cobrb,cleansed.fin_cobrb,RECID,recoveryIndicator,String,,,
raw.fin_0costcenter_attr,cleansed.fin_0costcenter_attr,RECID,recoveryIndicator,String,,,
raw.fin_0profit_ctr_attr,cleansed.fin_0profit_ctr_attr,REGIO,region,String,,,
raw.fin_0costcenter_attr,cleansed.fin_0costcenter_attr,REGIO,region,String,,,
raw.fin_cobrb,cleansed.fin_cobrb,BREST,remainingAmountForSettlement,Float,,,
raw.fin_cobrb,cleansed.fin_cobrb,AUFPL,routingNumber,Integer,,,
raw.fin_cobrb,cleansed.fin_cobrb,KDAUF,salesOrderNumber,String,,,
raw.fin_0gl_account_attr,cleansed.fin_0gl_account_attr,MUSTR,sampleAccountNumber,String,,,
raw.fin_0costcenter_attr,cleansed.fin_0costcenter_attr,SCD_TEMPL,scdTemplate,String,,,
raw.fin_0costcenter_attr,cleansed.fin_0costcenter_attr,SCI_TEMPL,sciTemplate,String,,,
raw.fin_0profit_ctr_attr,cleansed.fin_0profit_ctr_attr,SEGMENT,segment,String,,,
raw.fin_coss,cleansed.fin_coss,SEGMENT,segmentForSegmentalReporting,String,,,
raw.fin_cosp,cleansed.fin_cosp,SEGMENT,segmentForSegmentalReporting,String,,,
raw.fin_cobrb,cleansed.fin_cobrb,LFDNR,sequenceDistributionRule,Integer,,,
raw.fin_cobra,cleansed.fin_cobra,KSTAR,settlementCostElement,String,,,
raw.fin_cobra,cleansed.fin_cobra,ABRNR,settlementNumber,Integer,,,
raw.fin_cobrb,cleansed.fin_cobrb,PROZS,settlementPercentageRate,Float,,,
raw.fin_cobra,cleansed.fin_cobra,APROF,settlementProfile,String,,,
raw.fin_cobrb,cleansed.fin_cobrb,BMENG,settlementQuantity,Float,,,
raw.fin_cobra,cleansed.fin_cobra,KTEXT,settlementRuleDescription,String,,,
raw.fin_cobra,cleansed.fin_cobra,SORT,settlementRuleSortField,String,,,
raw.fin_cobrb,cleansed.fin_cobrb,SRSTRAT,settlementrulesStrategy,String,,,
raw.fin_cobrb,cleansed.fin_cobrb,STRAT,settlementTracingFactor,Integer,,,
raw.fin_cobrb,cleansed.fin_cobrb,AVORG,settlementTransaction,String,,,
raw.fin_cobrb,cleansed.fin_cobrb,PERBZ,settlementType,String,,,
raw.fin_0profit_ctr_text,cleansed.fin_0profit_ctr_text,TXTSH,shortDescription,string,,,
raw.fin_0costcenter_text,cleansed.fin_0costcenter_text,TXTSH,shortDescription,String,,,
raw.fin_cobrb,cleansed.fin_cobrb,URZUO,sourceAssignment,String,,,
raw.fin_coss,cleansed.fin_coss,USPOB,sourceObject,String,,,
raw.fin_cobra,cleansed.fin_cobra,URSCH,sourceStructure,String,,,
raw.fin_0costcenter_attr,cleansed.fin_0costcenter_attr,KHINR,standardHierarchyArea,String,,,
raw.fin_0costcenter_attr,cleansed.fin_0costcenter_attr,STAKZ,statisticalIndicator,String,flag-x-yes-no,,
raw.fin_cobra,cleansed.fin_cobra,SRSLIST,strategyGenerationSETC,String,,,
raw.fin_0costcenter_attr,cleansed.fin_0costcenter_attr,STRAS,streetAndHouseNumber,String,,,
raw.fin_0profit_ctr_attr,cleansed.fin_0profit_ctr_attr,STRAS,streetHouseNumber,String,,,
raw.fin_0costcenter_attr,cleansed.fin_0costcenter_attr,NKOST,subsequentCostCenter,String,,,
raw.fin_0profit_ctr_attr,cleansed.fin_0profit_ctr_attr,TXJCD,taxJurisdiction,String,,,
raw.fin_0costcenter_attr,cleansed.fin_0costcenter_attr,TXJCD,taxJurisdiction,String,,,
raw.fin_0profit_ctr_attr,cleansed.fin_0profit_ctr_attr,TELBX,teleboxNumber,String,,,
raw.fin_0costcenter_attr,cleansed.fin_0costcenter_attr,TELBX,teleboxNumber,String,,,
raw.fin_0profit_ctr_attr,cleansed.fin_0profit_ctr_attr,TELF1,telephoneNumber1,String,,,
raw.fin_0costcenter_attr,cleansed.fin_0costcenter_attr,TELF1,telephonenumber1,String,,,
raw.fin_0profit_ctr_attr,cleansed.fin_0profit_ctr_attr,TELF2,telephoneNumber2,String,,,
raw.fin_0costcenter_attr,cleansed.fin_0costcenter_attr,TELF2,telephonenumber2,String,,,
raw.fin_0profit_ctr_attr,cleansed.fin_0profit_ctr_attr,TELTX,teletexNumber,String,,,
raw.fin_0costcenter_attr,cleansed.fin_0costcenter_attr,TELTX,teletexNumber,String,,,
raw.fin_0profit_ctr_attr,cleansed.fin_0profit_ctr_attr,TELX1,telexNumber,String,,,
raw.fin_0costcenter_attr,cleansed.fin_0costcenter_attr,TELX1,telexNumber,String,,,
raw.fin_0profit_ctr_attr,cleansed.fin_0profit_ctr_attr,ANRED,title,String,,,
raw.fin_0costcenter_attr,cleansed.fin_0costcenter_attr,ANRED,title,String,,,
raw.fin_coss,cleansed.fin_coss,PAG001,TotalPriceVariance1,Float,,,
raw.fin_cosp,cleansed.fin_cosp,PAG001,totalPriceVariance1,Float,,,
raw.fin_coss,cleansed.fin_coss,PAG010,TotalPriceVariance10,Float,,,
raw.fin_cosp,cleansed.fin_cosp,PAG010,totalPriceVariance10,Float,,,
raw.fin_coss,cleansed.fin_coss,PAG011,TotalPriceVariance11,Float,,,
raw.fin_cosp,cleansed.fin_cosp,PAG011,totalPriceVariance11,Float,,,
raw.fin_coss,cleansed.fin_coss,PAG012,TotalPriceVariance12,Float,,,
raw.fin_cosp,cleansed.fin_cosp,PAG012,totalPriceVariance12,Float,,,
raw.fin_coss,cleansed.fin_coss,PAG013,TotalPriceVariance13,Float,,,
raw.fin_cosp,cleansed.fin_cosp,PAG013,totalPriceVariance13,Float,,,
raw.fin_coss,cleansed.fin_coss,PAG014,TotalPriceVariance14,Float,,,
raw.fin_cosp,cleansed.fin_cosp,PAG014,totalPriceVariance14,Float,,,
raw.fin_coss,cleansed.fin_coss,PAG015,TotalPriceVariance15,Float,,,
raw.fin_cosp,cleansed.fin_cosp,PAG015,totalPriceVariance15,Float,,,
raw.fin_coss,cleansed.fin_coss,PAG016,TotalPriceVariance16,Float,,,
raw.fin_cosp,cleansed.fin_cosp,PAG016,totalPriceVariance16,Float,,,
raw.fin_coss,cleansed.fin_coss,PAG002,TotalPriceVariance2,Float,,,
raw.fin_cosp,cleansed.fin_cosp,PAG002,totalPriceVariance2,Float,,,
raw.fin_coss,cleansed.fin_coss,PAG003,TotalPriceVariance3,Float,,,
raw.fin_cosp,cleansed.fin_cosp,PAG003,totalPriceVariance3,Float,,,
raw.fin_coss,cleansed.fin_coss,PAG004,TotalPriceVariance4,Float,,,
raw.fin_cosp,cleansed.fin_cosp,PAG004,totalPriceVariance4,Float,,,
raw.fin_coss,cleansed.fin_coss,PAG005,TotalPriceVariance5,Float,,,
raw.fin_cosp,cleansed.fin_cosp,PAG005,totalPriceVariance5,Float,,,
raw.fin_coss,cleansed.fin_coss,PAG006,TotalPriceVariance6,Float,,,
raw.fin_cosp,cleansed.fin_cosp,PAG006,totalPriceVariance6,Float,,,
raw.fin_coss,cleansed.fin_coss,PAG007,TotalPriceVariance7,Float,,,
raw.fin_cosp,cleansed.fin_cosp,PAG007,totalPriceVariance7,Float,,,
raw.fin_coss,cleansed.fin_coss,PAG008,TotalPriceVariance8,Float,,,
raw.fin_cosp,cleansed.fin_cosp,PAG008,totalPriceVariance8,Float,,,
raw.fin_coss,cleansed.fin_coss,PAG009,TotalPriceVariance9,Float,,,
raw.fin_cosp,cleansed.fin_cosp,PAG009,totalPriceVariance9,Float,,,
raw.fin_cobra,cleansed.fin_cobra,GMENG,totalQuantity,Float,,,
raw.fin_coss,cleansed.fin_coss,MEG001,totalQuantity1,Float,,,
raw.fin_cosp,cleansed.fin_cosp,MEG001,totalQuantity1,Float,,,
raw.fin_coss,cleansed.fin_coss,MEG010,totalQuantity10,Float,,,
raw.fin_cosp,cleansed.fin_cosp,MEG010,totalQuantity10,Float,,,
raw.fin_coss,cleansed.fin_coss,MEG011,totalQuantity11,Float,,,
raw.fin_cosp,cleansed.fin_cosp,MEG011,totalQuantity11,Float,,,
raw.fin_coss,cleansed.fin_coss,MEG012,totalQuantity12,Float,,,
raw.fin_cosp,cleansed.fin_cosp,MEG012,totalQuantity12,Float,,,
raw.fin_coss,cleansed.fin_coss,MEG013,totalQuantity13,Float,,,
raw.fin_cosp,cleansed.fin_cosp,MEG013,totalQuantity13,Float,,,
raw.fin_coss,cleansed.fin_coss,MEG014,totalQuantity14,Float,,,
raw.fin_cosp,cleansed.fin_cosp,MEG014,totalQuantity14,Float,,,
raw.fin_coss,cleansed.fin_coss,MEG015,totalQuantity15,Float,,,
raw.fin_cosp,cleansed.fin_cosp,MEG015,totalQuantity15,Float,,,
raw.fin_coss,cleansed.fin_coss,MEG016,totalQuantity16,Float,,,
raw.fin_cosp,cleansed.fin_cosp,MEG016,totalQuantity16,Float,,,
raw.fin_coss,cleansed.fin_coss,MEG002,totalQuantity2,Float,,,
raw.fin_cosp,cleansed.fin_cosp,MEG002,totalQuantity2,Float,,,
raw.fin_coss,cleansed.fin_coss,MEG003,totalQuantity3,Float,,,
raw.fin_cosp,cleansed.fin_cosp,MEG003,totalQuantity3,Float,,,
raw.fin_coss,cleansed.fin_coss,MEG004,totalQuantity4,Float,,,
raw.fin_cosp,cleansed.fin_cosp,MEG004,totalQuantity4,Float,,,
raw.fin_coss,cleansed.fin_coss,MEG005,totalQuantity5,Float,,,
raw.fin_cosp,cleansed.fin_cosp,MEG005,totalQuantity5,Float,,,
raw.fin_coss,cleansed.fin_coss,MEG006,totalQuantity6,Float,,,
raw.fin_cosp,cleansed.fin_cosp,MEG006,totalQuantity6,Float,,,
raw.fin_coss,cleansed.fin_coss,MEG007,totalQuantity7,Float,,,
raw.fin_cosp,cleansed.fin_cosp,MEG007,totalQuantity7,Float,,,
raw.fin_coss,cleansed.fin_coss,MEG008,totalQuantity8,Float,,,
raw.fin_cosp,cleansed.fin_cosp,MEG008,totalQuantity8,Float,,,
raw.fin_coss,cleansed.fin_coss,MEG009,totalQuantity9,Float,,,
raw.fin_cosp,cleansed.fin_cosp,MEG009,totalQuantity9,Float,,,
raw.fin_coss,cleansed.fin_coss,WKG001,TotalValueControllingArea1,Float,,,
raw.fin_cosp,cleansed.fin_cosp,WKG001,TotalValueControllingArea1,Float,,,
raw.fin_coss,cleansed.fin_coss,WKG010,TotalValueControllingArea10,Float,,,
raw.fin_cosp,cleansed.fin_cosp,WKG010,TotalValueControllingArea10,Float,,,
raw.fin_coss,cleansed.fin_coss,WKG011,TotalValueControllingArea11,Float,,,
raw.fin_cosp,cleansed.fin_cosp,WKG011,TotalValueControllingArea11,Float,,,
raw.fin_coss,cleansed.fin_coss,WKG012,TotalValueControllingArea12,Float,,,
raw.fin_cosp,cleansed.fin_cosp,WKG012,TotalValueControllingArea12,Float,,,
raw.fin_coss,cleansed.fin_coss,WKG013,TotalValueControllingArea13,Float,,,
raw.fin_cosp,cleansed.fin_cosp,WKG013,TotalValueControllingArea13,Float,,,
raw.fin_coss,cleansed.fin_coss,WKG014,TotalValueControllingArea14,Float,,,
raw.fin_cosp,cleansed.fin_cosp,WKG014,TotalValueControllingArea14,Float,,,
raw.fin_coss,cleansed.fin_coss,WKG015,TotalValueControllingArea15,Float,,,
raw.fin_cosp,cleansed.fin_cosp,WKG015,TotalValueControllingArea15,Float,,,
raw.fin_coss,cleansed.fin_coss,WKG016,TotalValueControllingArea16,Float,,,
raw.fin_cosp,cleansed.fin_cosp,WKG016,TotalValueControllingArea16,Float,,,
raw.fin_coss,cleansed.fin_coss,WKG002,TotalValueControllingArea2,Float,,,
raw.fin_cosp,cleansed.fin_cosp,WKG002,TotalValueControllingArea2,Float,,,
raw.fin_coss,cleansed.fin_coss,WKG003,TotalValueControllingArea3,Float,,,
raw.fin_cosp,cleansed.fin_cosp,WKG003,TotalValueControllingArea3,Float,,,
raw.fin_coss,cleansed.fin_coss,WKG004,TotalValueControllingArea4,Float,,,
raw.fin_cosp,cleansed.fin_cosp,WKG004,TotalValueControllingArea4,Float,,,
raw.fin_coss,cleansed.fin_coss,WKG005,TotalValueControllingArea5,Float,,,
raw.fin_cosp,cleansed.fin_cosp,WKG005,TotalValueControllingArea5,Float,,,
raw.fin_coss,cleansed.fin_coss,WKG006,TotalValueControllingArea6,Float,,,
raw.fin_cosp,cleansed.fin_cosp,WKG006,TotalValueControllingArea6,Float,,,
raw.fin_coss,cleansed.fin_coss,WKG007,TotalValueControllingArea7,Float,,,
raw.fin_cosp,cleansed.fin_cosp,WKG007,TotalValueControllingArea7,Float,,,
raw.fin_coss,cleansed.fin_coss,WKG008,TotalValueControllingArea8,Float,,,
raw.fin_cosp,cleansed.fin_cosp,WKG008,TotalValueControllingArea8,Float,,,
raw.fin_coss,cleansed.fin_coss,WKG009,TotalValueControllingArea9,Float,,,
raw.fin_cosp,cleansed.fin_cosp,WKG009,TotalValueControllingArea9,Float,,,
raw.fin_coss,cleansed.fin_coss,WOG001,totalValueObjectCurrency1,Float,,,
raw.fin_cosp,cleansed.fin_cosp,WOG001,totalValueObjectCurrency1,Float,,,
raw.fin_coss,cleansed.fin_coss,WOG010,totalValueObjectCurrency10,Float,,,
raw.fin_cosp,cleansed.fin_cosp,WOG010,totalValueObjectCurrency10,Float,,,
raw.fin_coss,cleansed.fin_coss,WOG011,totalValueObjectCurrency11,Float,,,
raw.fin_cosp,cleansed.fin_cosp,WOG011,totalValueObjectCurrency11,Float,,,
raw.fin_coss,cleansed.fin_coss,WOG012,totalValueObjectCurrency12,Float,,,
raw.fin_cosp,cleansed.fin_cosp,WOG012,totalValueObjectCurrency12,Float,,,
raw.fin_coss,cleansed.fin_coss,WOG013,totalValueObjectCurrency13,Float,,,
raw.fin_cosp,cleansed.fin_cosp,WOG013,totalValueObjectCurrency13,Float,,,
raw.fin_coss,cleansed.fin_coss,WOG014,totalValueObjectCurrency14,Float,,,
raw.fin_cosp,cleansed.fin_cosp,WOG014,totalValueObjectCurrency14,Float,,,
raw.fin_coss,cleansed.fin_coss,WOG015,totalValueObjectCurrency15,Float,,,
raw.fin_cosp,cleansed.fin_cosp,WOG015,totalValueObjectCurrency15,Float,,,
raw.fin_coss,cleansed.fin_coss,WOG016,totalValueObjectCurrency16,Float,,,
raw.fin_cosp,cleansed.fin_cosp,WOG016,totalValueObjectCurrency16,Float,,,
raw.fin_coss,cleansed.fin_coss,WOG002,totalValueObjectCurrency2,Float,,,
raw.fin_cosp,cleansed.fin_cosp,WOG002,totalValueObjectCurrency2,Float,,,
raw.fin_coss,cleansed.fin_coss,WOG003,totalValueObjectCurrency3,Float,,,
raw.fin_cosp,cleansed.fin_cosp,WOG003,totalValueObjectCurrency3,Float,,,
raw.fin_coss,cleansed.fin_coss,WOG004,totalValueObjectCurrency4,Float,,,
raw.fin_cosp,cleansed.fin_cosp,WOG004,totalValueObjectCurrency4,Float,,,
raw.fin_coss,cleansed.fin_coss,WOG005,totalValueObjectCurrency5,Float,,,
raw.fin_cosp,cleansed.fin_cosp,WOG005,totalValueObjectCurrency5,Float,,,
raw.fin_coss,cleansed.fin_coss,WOG006,totalValueObjectCurrency6,Float,,,
raw.fin_cosp,cleansed.fin_cosp,WOG006,totalValueObjectCurrency6,Float,,,
raw.fin_coss,cleansed.fin_coss,WOG007,totalValueObjectCurrency7,Float,,,
raw.fin_cosp,cleansed.fin_cosp,WOG007,totalValueObjectCurrency7,Float,,,
raw.fin_coss,cleansed.fin_coss,WOG008,totalValueObjectCurrency8,Float,,,
raw.fin_cosp,cleansed.fin_cosp,WOG008,totalValueObjectCurrency8,Float,,,
raw.fin_coss,cleansed.fin_coss,WOG009,totalValueObjectCurrency9,Float,,,
raw.fin_cosp,cleansed.fin_cosp,WOG009,totalValueObjectCurrency9,Float,,,
raw.fin_coss,cleansed.fin_coss,WTG001,totalValueTransactionCurrency1,Float,,,
raw.fin_cosp,cleansed.fin_cosp,WTG001,totalValueTransactionCurrency1,Float,,,
raw.fin_coss,cleansed.fin_coss,WTG010,totalValueTransactionCurrency10,Float,,,
raw.fin_cosp,cleansed.fin_cosp,WTG010,totalValueTransactionCurrency10,Float,,,
raw.fin_coss,cleansed.fin_coss,WTG011,totalValueTransactionCurrency11,Float,,,
raw.fin_cosp,cleansed.fin_cosp,WTG011,totalValueTransactionCurrency11,Float,,,
raw.fin_coss,cleansed.fin_coss,WTG012,totalValueTransactionCurrency12,Float,,,
raw.fin_cosp,cleansed.fin_cosp,WTG012,totalValueTransactionCurrency12,Float,,,
raw.fin_coss,cleansed.fin_coss,WTG013,totalValueTransactionCurrency13,Float,,,
raw.fin_cosp,cleansed.fin_cosp,WTG013,totalValueTransactionCurrency13,Float,,,
raw.fin_coss,cleansed.fin_coss,WTG014,totalValueTransactionCurrency14,Float,,,
raw.fin_cosp,cleansed.fin_cosp,WTG014,totalValueTransactionCurrency14,Float,,,
raw.fin_coss,cleansed.fin_coss,WTG015,totalValueTransactionCurrency15,Float,,,
raw.fin_cosp,cleansed.fin_cosp,WTG015,totalValueTransactionCurrency15,Float,,,
raw.fin_coss,cleansed.fin_coss,WTG016,totalValueTransactionCurrency16,Float,,,
raw.fin_cosp,cleansed.fin_cosp,WTG016,totalValueTransactionCurrency16,Float,,,
raw.fin_coss,cleansed.fin_coss,WTG002,totalValueTransactionCurrency2,Float,,,
raw.fin_cosp,cleansed.fin_cosp,WTG002,totalValueTransactionCurrency2,Float,,,
raw.fin_coss,cleansed.fin_coss,WTG003,totalValueTransactionCurrency3,Float,,,
raw.fin_cosp,cleansed.fin_cosp,WTG003,totalValueTransactionCurrency3,Float,,,
raw.fin_coss,cleansed.fin_coss,WTG004,totalValueTransactionCurrency4,Float,,,
raw.fin_cosp,cleansed.fin_cosp,WTG004,totalValueTransactionCurrency4,Float,,,
raw.fin_coss,cleansed.fin_coss,WTG005,totalValueTransactionCurrency5,Float,,,
raw.fin_cosp,cleansed.fin_cosp,WTG005,totalValueTransactionCurrency5,Float,,,
raw.fin_coss,cleansed.fin_coss,WTG006,totalValueTransactionCurrency6,Float,,,
raw.fin_cosp,cleansed.fin_cosp,WTG006,totalValueTransactionCurrency6,Float,,,
raw.fin_coss,cleansed.fin_coss,WTG007,totalValueTransactionCurrency7,Float,,,
raw.fin_cosp,cleansed.fin_cosp,WTG007,totalValueTransactionCurrency7,Float,,,
raw.fin_coss,cleansed.fin_coss,WTG008,totalValueTransactionCurrency8,Float,,,
raw.fin_cosp,cleansed.fin_cosp,WTG008,totalValueTransactionCurrency8,Float,,,
raw.fin_coss,cleansed.fin_coss,WTG009,totalValueTransactionCurrency9,Float,,,
raw.fin_cosp,cleansed.fin_cosp,WTG009,totalValueTransactionCurrency9,Float,,,
raw.fin_cosp,cleansed.fin_cosp,PARGB,tradingPartnerBusinessArea,String,,,
raw.fin_cosp,cleansed.fin_cosp,VBUND,tradingPartnerID,String,,,
raw.fin_0gl_account_attr,cleansed.fin_0gl_account_attr,VBUND,tradingPartnerID,String,,,
raw.fin_coss,cleansed.fin_coss,TWAER,transactionCurrency,String,,,
raw.fin_cosp,cleansed.fin_cosp,TWAER,transactionCurrency,String,,,
raw.fin_cobra,cleansed.fin_cobra,ERSCH,transferStructure,String,,,
raw.fin_cosp,cleansed.fin_cosp,MEINH,unitMeasure,String,,,
raw.fin_cobrb,cleansed.fin_cobrb,BEINH,unitOfMeasure,String,,,
raw.fin_cobra,cleansed.fin_cobra,GEINH,unitOfMeasure,String,,,
raw.fin_coss,cleansed.fin_coss,MEINH,unitOfMeasure,String,,,
raw.fin_0costcenter_attr,cleansed.fin_0costcenter_attr,VERAK_USER,userResponsible,String,,,
raw.fin_0profit_ctr_attr,cleansed.fin_0profit_ctr_attr,DATEFROM,validFromDate,date,str-yyyy-mm-dd-to-date,,
raw.fin_0profit_ctr_text,cleansed.fin_0profit_ctr_text,DATEFROM,validFromDate,date,str-yyyy-mm-dd-to-date,,
raw.fin_0costcenter_attr,cleansed.fin_0costcenter_attr,DATEFROM,validFromDate,Date,str-yyyy-mm-dd-to-date,,
raw.fin_0costcenter_text,cleansed.fin_0costcenter_text,DATEFROM,validFromDate,date,str-yyyy-mm-dd-to-date,,
raw.fin_0costelmnt_text,cleansed.fin_0costelmnt_text,DATEFROM,validFromDate,date,str-yyyy-mm-dd-to-date,,
raw.fin_cobrb,cleansed.fin_cobrb,GABPE,validFromPeriod,Integer,,,
raw.fin_cobrb,cleansed.fin_cobrb,GABJA,validFromYear,Integer,,,
raw.fin_cobrb,cleansed.fin_cobrb,GBISP,validTo,Integer,,,
raw.fin_0profit_ctr_attr,cleansed.fin_0profit_ctr_attr,DATETO,validToDate,date,str-yyyy-mm-dd-to-date,,
raw.fin_0profit_ctr_text,cleansed.fin_0profit_ctr_text,DATETO,validToDate,date,str-yyyy-mm-dd-to-date,,
raw.fin_0costcenter_attr,cleansed.fin_0costcenter_attr,DATETO,validToDate,Date,str-yyyy-mm-dd-to-date,,
raw.fin_0costcenter_text,cleansed.fin_0costcenter_text,DATETO,validToDate,date,str-yyyy-mm-dd-to-date,,
raw.fin_0costelmnt_text,cleansed.fin_0costelmnt_text,DATETO,validTodate,date,str-yyyy-mm-dd-to-date,,
raw.fin_cobrb,cleansed.fin_cobrb,GBISJ,validToYear,Integer,,,
raw.fin_cobrb,cleansed.fin_cobrb,BWTAR,valuationType,String,,,
raw.fin_coss,cleansed.fin_coss,WRTTP,valueType,String,,,
raw.fin_cosp,cleansed.fin_cosp,WRTTP,valueType,String,,,
raw.fin_cobrb,cleansed.fin_cobrb,VERSN,version,String,,,
raw.fin_coss,cleansed.fin_coss,VERSN,version,String,,,
raw.fin_cosp,cleansed.fin_cosp,VERSN,version,String,,,
raw.fin_0version_text,cleansed.fin_0version_text,VERSI,version,String,,,
raw.fin_cobrb,cleansed.fin_cobrb,PS_PSP_PNR,workBreakdownStructure,Integer,,,
raw.fin_cobrb,cleansed.fin_cobrb,ERSJA,yearFirstUsed,Integer,,,
raw.fin_cobrb,cleansed.fin_cobrb,LETJA,yearLastUsed,Integer,,,
raw.fin_cobra,cleansed.fin_cobra,LETJA,yearLastUsed,Integer,,,
,,,,,,,
