RawTable,CleansedTable,RawColumnName,DataType,CleansedColumnName,TransformTag,CustomTransform,Lookup
raw.iicats_tsv,cleansed.iicats_tsv,CDB_OBJ_ID,Bigint,objectInternalId,,,
raw.iicats_tsv,cleansed.iicats_tsv,TSV_AEST_DT,Datetime,measurementResultAESTDateTime,,,
raw.iicats_tsv,cleansed.iicats_tsv,STAT_TYP_CD,String,statisticTypeCd,,,
raw.iicats_tsv,cleansed.iicats_tsv,STAT_TYP_CD,String,statisticType,,"concat('STATISTIC_TYPE',STAT_TYP_CD)",lookup-iicats-bi-reference
raw.iicats_tsv,cleansed.iicats_tsv,TM_BASE_CD,String,timeBaseCd,,,
raw.iicats_tsv,cleansed.iicats_tsv,TM_BASE_CD,String,timeBase,,"concat('TIME_BASE_TYPE',TM_BASE_CD)",lookup-iicats-bi-reference
raw.iicats_tsv,cleansed.iicats_tsv,ACQSN_MTHD_CD,String,acquisitionMethodId,,,
raw.iicats_tsv,cleansed.iicats_tsv,ACQSN_MTHD_CD,String,acquisitionMethod,,"concat('ACQUISITION_METHOD',ACQSN_MTHD_CD)",lookup-iicats-bi-reference
raw.iicats_tsv,cleansed.iicats_tsv,TSV_DT,Datetime,measurementResultDateTime,,,
raw.iicats_tsv,cleansed.iicats_tsv,ALRM_ST_CD,String,alarmStateCd,,,
raw.iicats_tsv,cleansed.iicats_tsv,UOM_CD,String,engineeringUnitCd,,,
raw.iicats_tsv,cleansed.iicats_tsv,UOM_CD,String,engineeringAuditUnit,,,lookup-iicats-unit-of-measure
raw.iicats_tsv,cleansed.iicats_tsv,PNT_CRNT_VAL_MNMNC_CD,String,tsvMnemonicCd,,,
raw.iicats_tsv,cleansed.iicats_tsv,TSV_RSLT_VAL,"Decimal(38,8)",measurementResultValue,,,
raw.iicats_tsv,cleansed.iicats_tsv,PNT_ALRM_INHBTD_IND,String,pointAlarmInhibitedIndicator,,,
raw.iicats_tsv,cleansed.iicats_tsv,PNT_CNTRL_INHBTD_IND,String,pointControlInhibitedIndicator,,,
raw.iicats_tsv,cleansed.iicats_tsv,PNT_FAILD_IND,String,pointFailedIndicator,,,
raw.iicats_tsv,cleansed.iicats_tsv,PNT_ALRM_IND,String,pointAlarmIndicator,,,
raw.iicats_tsv,cleansed.iicats_tsv,PNT_OUT_OF_SVC_IND,String,pointOutofServiceIndicator,,,
raw.iicats_tsv,cleansed.iicats_tsv,PNT_OPC_QLTY_IND,Integer,opcQualityIndicator,,,
raw.iicats_tsv,cleansed.iicats_tsv,PNT_OPC_QLTY_IND,String,opcQuality,,,iicats-custom-ref-opc-quality
raw.iicats_tsv,cleansed.iicats_tsv,PNT_UNDR_MNTNC_IND,String,maintenanceIndicator,,,
raw.iicats_tsv,cleansed.iicats_tsv,PNT_VAL_BAD_IND,String,badOrSuspectIndicator,,,
raw.iicats_tsv,cleansed.iicats_tsv,PNT_RSN_CD,Integer,pointReasonCd,,,
raw.iicats_tsv,cleansed.iicats_tsv,PNT_RSN_CD,String,pointReason,,"concat('PNT_RSN_CD',cast( PNT_RSN_CD  as Int))",lookup-iicats-bi-reference
raw.iicats_tsv,cleansed.iicats_tsv,HT_SYS_ID,Integer,sourceRecordSystemId,,,
raw.iicats_tsv,cleansed.iicats_tsv,HT_COMMAND,String,sourceRecordUpsertLogic,,,
raw.iicats_tsv,cleansed.iicats_tsv,HT_CRT_DT,Datetime,sourceRecordCreationDateTime,,,
raw.iicats_dly_prof_cnfgn,cleansed.iicats_dly_prof_cnfgn,CDB_OBJ_ID,Bigint,dailyProfileId,,,
raw.iicats_dly_prof_cnfgn,cleansed.iicats_dly_prof_cnfgn,EFF_FROM_DT,Datetime,effectiveFromDateTime,,,
raw.iicats_dly_prof_cnfgn,cleansed.iicats_dly_prof_cnfgn,OBJ_NM,String,dailyProfileName,,,
raw.iicats_dly_prof_cnfgn,cleansed.iicats_dly_prof_cnfgn,OBJ_DSC,String,dailyProfileDescription,,,
raw.iicats_dly_prof_cnfgn,cleansed.iicats_dly_prof_cnfgn,HT_SYS_ID,Integer,sourceRecordSystemId,,,
raw.iicats_dly_prof_cnfgn,cleansed.iicats_dly_prof_cnfgn,HT_COMMAND,String,sourceRecordUpsertLogic,,,
raw.iicats_dly_prof_cnfgn,cleansed.iicats_dly_prof_cnfgn,HT_CRT_DT,Datetime,sourceRecordCreationDateTime,,,
raw.iicats_event,cleansed.iicats_event,CDB_OBJ_ID,BigInt,objectInternalId,,,
raw.iicats_event,cleansed.iicats_event,EVNT_AEST_DT,Datetime,eventAESTDateTime,,,
raw.iicats_event,cleansed.iicats_event,EVNT_SQNC_NUM,BigInt,eventSequenceNumber,,,
raw.iicats_event,cleansed.iicats_event,EVNT_TM_MSEC_VAL,Integer,eventTimeMilliseconds,,,
raw.iicats_event,cleansed.iicats_event,EVNT_DT,Datetime,eventDateTime,,,
raw.iicats_event,cleansed.iicats_event,EVNT_TYP_CD,String,eventTypeCd,,,
raw.iicats_event,cleansed.iicats_event,EVNT_TYP_CD,String,eventType,,"concat('EVENT_TYPE',EVNT_TYP_CD)",lookup-iicats-bi-reference
raw.iicats_event,cleansed.iicats_event,ALRM_TYP_CD,String,alarmTypeCd,,,
raw.iicats_event,cleansed.iicats_event,ALRM_TYP_CD,String,alarmType,,"concat('ALARM_TYPE',ALRM_TYP_CD)",lookup-iicats-bi-reference
raw.iicats_event,cleansed.iicats_event,LMT_TYP_CD,String,limitTypeCd,,,
raw.iicats_event,cleansed.iicats_event,LMT_TYP_CD,String,limitType,,"concat('LIMIT_TYPE',LMT_TYP_CD)",lookup-iicats-bi-reference
raw.iicats_event,cleansed.iicats_event,MNMNC_CD,String,eventMnemonic,,,
raw.iicats_event,cleansed.iicats_event,SUPPRESSION_TYP_CD,String,suppressionTypeCd,,,
raw.iicats_event,cleansed.iicats_event,SUPPRESSION_TYP_CD,String,suppressionType,,"concat('SUPPRESSION_TYPE',SUPPRESSION_TYP_CD)",lookup-iicats-bi-reference
raw.iicats_event,cleansed.iicats_event,USR_NM,String,userName,,,
raw.iicats_event,cleansed.iicats_event,WRKSTN_NM,String,workstationId,,,
raw.iicats_event,cleansed.iicats_event,AREA_OF_INTEREST,String,areaofInterest,,,
raw.iicats_event,cleansed.iicats_event,EVNT_MSG_TXT,String,eventMessage,,,
raw.iicats_event,cleansed.iicats_event,PNT_VAL,"Decimal(16,6)",operatingValue,,,
raw.iicats_event,cleansed.iicats_event,USR_CMNT_TXT,String,eventComment,,,
raw.iicats_event,cleansed.iicats_event,EVNT_CTGRY_TXT,String,eventCategory ,,,
raw.iicats_event,cleansed.iicats_event,SEVERITY_VAL,Integer,severityValue,,,
raw.iicats_event,cleansed.iicats_event,PRRTY_CD,String,priority,,,
raw.iicats_event,cleansed.iicats_event,HT_SYS_ID,Integer,sourceRecordSystemId,,,
raw.iicats_event,cleansed.iicats_event,HT_COMMAND,String,sourceRecordUpsertLogic,,,
raw.iicats_event,cleansed.iicats_event,HT_CRT_DT,Datetime,sourceRecordCreationDateTime,,,
raw.iicats_hierarchy_cnfgn,cleansed.iicats_hierarchy_cnfgn,CDB_OBJ_ID,BigInt,objectInternalId,,,
raw.iicats_hierarchy_cnfgn,cleansed.iicats_hierarchy_cnfgn,EFF_FROM_DT,Datetime,effectiveFromDateTime,,,
raw.iicats_hierarchy_cnfgn,cleansed.iicats_hierarchy_cnfgn,CDB_SITE_OBJ_ID,BigInt,siteInternalId,,,
raw.iicats_hierarchy_cnfgn,cleansed.iicats_hierarchy_cnfgn,CDB_FCLTY_OBJ_ID,BigInt,facilityInternalId,,,
raw.iicats_hierarchy_cnfgn,cleansed.iicats_hierarchy_cnfgn,CDB_ASST_OBJ_ID,BigInt,assetInternalId,,,
raw.iicats_hierarchy_cnfgn,cleansed.iicats_hierarchy_cnfgn,OBJ_NM,String,pointName,,,
raw.iicats_hierarchy_cnfgn,cleansed.iicats_hierarchy_cnfgn,OBJ_LEGACY_NM,String,legacyPointName,,,
raw.iicats_hierarchy_cnfgn,cleansed.iicats_hierarchy_cnfgn,OBJ_DSC,String,pointDescription,,,
raw.iicats_hierarchy_cnfgn,cleansed.iicats_hierarchy_cnfgn,OBJ_TYP_NM,String,RTUSub_Type,,,
raw.iicats_hierarchy_cnfgn,cleansed.iicats_hierarchy_cnfgn,SITE_WRK_ORG_NM,String,siteWorkOrganisation,,,
raw.iicats_hierarchy_cnfgn,cleansed.iicats_hierarchy_cnfgn,SITE_CD,String,siteCd,,,
raw.iicats_hierarchy_cnfgn,cleansed.iicats_hierarchy_cnfgn,SITE_NM,String,siteName,,,
raw.iicats_hierarchy_cnfgn,cleansed.iicats_hierarchy_cnfgn,FCLTY_CD,String,facilityCd,,,
raw.iicats_hierarchy_cnfgn,cleansed.iicats_hierarchy_cnfgn,ASST_CD,String,assetCd,,,
raw.iicats_hierarchy_cnfgn,cleansed.iicats_hierarchy_cnfgn,EQPMNT_CD,String,equipmentCd,,,
raw.iicats_hierarchy_cnfgn,cleansed.iicats_hierarchy_cnfgn,LGA_CD,String,LGA,,,
raw.iicats_hierarchy_cnfgn,cleansed.iicats_hierarchy_cnfgn,FCLTY_ASST_CD,String,facilityAssetCd,,,
raw.iicats_hierarchy_cnfgn,cleansed.iicats_hierarchy_cnfgn,UAN,String,userAssetNumber,,,
raw.iicats_hierarchy_cnfgn,cleansed.iicats_hierarchy_cnfgn,OBJ_LVL_NUM,Integer,objestLevelNumber,,,
raw.iicats_hierarchy_cnfgn,cleansed.iicats_hierarchy_cnfgn,LVL_1_NM,String,organisation,,,
raw.iicats_hierarchy_cnfgn,cleansed.iicats_hierarchy_cnfgn,LVL_2_NM,String,product,,,
raw.iicats_hierarchy_cnfgn,cleansed.iicats_hierarchy_cnfgn,LVL_3_NM,String,operations_Treatment,,,
raw.iicats_hierarchy_cnfgn,cleansed.iicats_hierarchy_cnfgn,LVL_4_NM,String,deliverySystem_Network,,,
raw.iicats_hierarchy_cnfgn,cleansed.iicats_hierarchy_cnfgn,LVL_5_NM,String,distributionSystem_Catchment,,,
raw.iicats_hierarchy_cnfgn,cleansed.iicats_hierarchy_cnfgn,LVL_6_NM,String,supplyZone_Scamp,,,
raw.iicats_hierarchy_cnfgn,cleansed.iicats_hierarchy_cnfgn,LVL_7_NM,String,pressureZone,,,
raw.iicats_hierarchy_cnfgn,cleansed.iicats_hierarchy_cnfgn,PRCS_CD,String,processCd,,,
raw.iicats_hierarchy_cnfgn,cleansed.iicats_hierarchy_cnfgn,SUBPRCS_CD,String,subProcessCd,,,
raw.iicats_hierarchy_cnfgn,cleansed.iicats_hierarchy_cnfgn,GRP_STRM_CD,String,groupStreamCd,,,
raw.iicats_hierarchy_cnfgn,cleansed.iicats_hierarchy_cnfgn,MAINT_UNIT_1,String,maintainableUnit1Cd,,,
raw.iicats_hierarchy_cnfgn,cleansed.iicats_hierarchy_cnfgn,MAINT_UNIT_2,String,maintainableUnit2Cd,,,
raw.iicats_hierarchy_cnfgn,cleansed.iicats_hierarchy_cnfgn,MAINT_UNIT_3,String,maintainableUnit3Cd,,,
raw.iicats_hierarchy_cnfgn,cleansed.iicats_hierarchy_cnfgn,AVAIL_INC,String,availabilityIndicator,,,
raw.iicats_hierarchy_cnfgn,cleansed.iicats_hierarchy_cnfgn,UBD_REF,String,UBDReference,,,
raw.iicats_hierarchy_cnfgn,cleansed.iicats_hierarchy_cnfgn,RTU_ADDR_TXT,String,siteAddress,,,
raw.iicats_hierarchy_cnfgn,cleansed.iicats_hierarchy_cnfgn,RTU_SBRB_NM,String,suburbName,,,
raw.iicats_hierarchy_cnfgn,cleansed.iicats_hierarchy_cnfgn,SPFC_RPT_1,String,specificReport1,,,
raw.iicats_hierarchy_cnfgn,cleansed.iicats_hierarchy_cnfgn,SPFC_RPT_2,String,specificReport2,,,
raw.iicats_hierarchy_cnfgn,cleansed.iicats_hierarchy_cnfgn,SPFC_RPT_3,String,specificReport3,,,
raw.iicats_hierarchy_cnfgn,cleansed.iicats_hierarchy_cnfgn,SPFC_RPT_4,String,specificReport4,,,
raw.iicats_hierarchy_cnfgn,cleansed.iicats_hierarchy_cnfgn,SPFC_RPT_5,String,specificReport5,,,
raw.iicats_hierarchy_cnfgn,cleansed.iicats_hierarchy_cnfgn,HT_SYS_ID,Integer,sourceRecordSystemId,,,
raw.iicats_hierarchy_cnfgn,cleansed.iicats_hierarchy_cnfgn,HT_COMMAND,String,sourceRecordUpsertLogic,,,
raw.iicats_hierarchy_cnfgn,cleansed.iicats_hierarchy_cnfgn,HT_CRT_DT,Datetime,sourceRecordCreationDateTime,,,
raw.iicats_work_orders,cleansed.iicats_work_orders,IICATS_WO_RQST_NUM,BigInt,IICATSWorkOrderRequestNumber,,,
raw.iicats_work_orders,cleansed.iicats_work_orders,MXES_CHANGE_DT,DateTime,workOrderModifiedDate,,,
raw.iicats_work_orders,cleansed.iicats_work_orders,HT_SYS_ID,Integer,sourceRecordSystemId,,,
raw.iicats_work_orders,cleansed.iicats_work_orders,CDB_OBJ_ID,BigInt,pointId,,,
raw.iicats_work_orders,cleansed.iicats_work_orders,OBJ_FULLNAME,String,pointFullName,,,
raw.iicats_work_orders,cleansed.iicats_work_orders,MXES_WO_NUM,String,maximoWorkOrderNumber,,,
raw.iicats_work_orders,cleansed.iicats_work_orders,SVC_REQUEST_NUM,String,maximoServiceRequestNumber,,,
raw.iicats_work_orders,cleansed.iicats_work_orders,WO_SRC_CD,String,workOrderSourceCd,,,
raw.iicats_work_orders,cleansed.iicats_work_orders,WO_SRC_CD,String,workOrderSource,,,iicats-custom-ref-workorder-source
raw.iicats_work_orders,cleansed.iicats_work_orders,WO_TYP_CD,String,workOrderTypeCd,,,
raw.iicats_work_orders,cleansed.iicats_work_orders,WO_TYP_CD,String,workOrderType,,,iicats-custom-ref-workorder-type
raw.iicats_work_orders,cleansed.iicats_work_orders,CREATED_FROM_ALRM,String,createdFromAlarmIndicator,,,
raw.iicats_work_orders,cleansed.iicats_work_orders,MXES_WO_STATUS,String,workOrderStatusCd,,,
raw.iicats_work_orders,cleansed.iicats_work_orders,MXES_WO_CLOSED,String,maximoWorkOrderClosedIndicator,,,
raw.iicats_work_orders,cleansed.iicats_work_orders,WO_REQUEST_DT,DateTime,workOrderRequestDate,,,
raw.iicats_work_orders,cleansed.iicats_work_orders,WO_CREATE_NM,String,workOrderCreatorName,,,
raw.iicats_work_orders,cleansed.iicats_work_orders,MXES_CREATE_DT,DateTime,workOrderCreateDate,,,
raw.iicats_work_orders,cleansed.iicats_work_orders,MXES_CHANGE_NM,String,workOrderModifierName,,,
raw.iicats_work_orders,cleansed.iicats_work_orders,WO_UAN,String,workOrderUserAssetNumber,,,
raw.iicats_work_orders,cleansed.iicats_work_orders,WO_ALRM_DSC,String,alarmDescription,,,
raw.iicats_work_orders,cleansed.iicats_work_orders,WO_ALRM_LONG_DSC,String,alarmLongDescription,,,
raw.iicats_work_orders,cleansed.iicats_work_orders,WO_ALRM_DT,DateTime,workOrderAlarmDate,,,
raw.iicats_work_orders,cleansed.iicats_work_orders,WO_WRK_CTGRY_CD,String,workCategoryCd,,,
raw.iicats_work_orders,cleansed.iicats_work_orders,WO_WRK_CTGRY_CD,String,workCategory,,,iicats-custom-ref-workorder-category
raw.iicats_work_orders,cleansed.iicats_work_orders,WO_ALRM_PRRTY_NUM,BigInt,alarmPriority,,,
raw.iicats_work_orders,cleansed.iicats_work_orders,DSPTCH_PRRTY_NUM,Integer,despatchPriority,,,
raw.iicats_work_orders,cleansed.iicats_work_orders,OPRTR_CMNT_TXT,String,operatorComment,,,
raw.iicats_work_orders,cleansed.iicats_work_orders,NTFN_TO_DSC,String,notifiedTo,,,
raw.iicats_work_orders,cleansed.iicats_work_orders,MNTNC_CTGRY_CD,String,maintenanceCategoryCd,,,
raw.iicats_work_orders,cleansed.iicats_work_orders,MNTNC_CTGRY_CD,String,maintenanceCategory,,"concat('MNTNC_CTGRY_CD',MNTNC_CTGRY_CD)",lookup-iicats-bi-reference
raw.iicats_work_orders,cleansed.iicats_work_orders,SVC_PROVIDER_DSC,String,serviceProvider,,,
raw.iicats_work_orders,cleansed.iicats_work_orders,DSPTCH_TO_DSC,String,despatchTo,,,
raw.iicats_work_orders,cleansed.iicats_work_orders,CREW_TEAM_LEADER_NM,String,crewTeamLeader,,,
raw.iicats_work_orders,cleansed.iicats_work_orders,CREW_TEAM_LEADER_PHONE_NUM,String,crewTeamLeaderPhoneNumber,,,
raw.iicats_work_orders,cleansed.iicats_work_orders,CREW_GRN_NUM,String,crewGenerationNumber,,,
raw.iicats_work_orders,cleansed.iicats_work_orders,DEPOT_DSC,String,depot,,,
raw.iicats_work_orders,cleansed.iicats_work_orders,SCHDL_STRT_DT,DateTime,scheduledStartDateTime,,,
raw.iicats_work_orders,cleansed.iicats_work_orders,SCHDL_END_DT,DateTime,scheduledCompletionDateTime,,,
raw.iicats_work_orders,cleansed.iicats_work_orders,HT_COMMAND,String,sourceRecordUpsertLogic,,,
raw.iicats_work_orders,cleansed.iicats_work_orders,HT_CRT_DT,DateTime,sourceRecordCreationDateTime,,,
raw.iicats_work_orders,cleansed.iicats_work_orders,MXES_PARENT_ID,String,workOrderParentId,,,
raw.iicats_work_orders,cleansed.iicats_work_orders,MXES_CHILD,String,workOrderChildFlag,,,
raw.iicats_point_cnfgn,cleansed.iicats_point_cnfgn,CDB_PNT_ID,Bigint,pointInternalId,,,
raw.iicats_point_cnfgn,cleansed.iicats_point_cnfgn,EFF_FROM_DT,DateTime,effectiveFromDateTime,,,
raw.iicats_point_cnfgn,cleansed.iicats_point_cnfgn,CDB_RTU_ID,Bigint,RTUInternalId,,,
raw.iicats_point_cnfgn,cleansed.iicats_point_cnfgn,RTU_NM,String,RTUName,,,
raw.iicats_point_cnfgn,cleansed.iicats_point_cnfgn,PARENT_ALRM_PNT_ID,Bigint,parentAlarmPointId,,,
raw.iicats_point_cnfgn,cleansed.iicats_point_cnfgn,PARENT_ALRM_TYP_CD,String,parentAlarmTypeCd,,,
raw.iicats_point_cnfgn,cleansed.iicats_point_cnfgn,PARENT_ALRM_TYP_CD,String,parentAlarmType,,,iicats-custom-ref-parent-alarm-type
raw.iicats_point_cnfgn,cleansed.iicats_point_cnfgn,PARENT_ALRM_CONDITN_TXT,String,parentAlarmConditionText,,,
raw.iicats_point_cnfgn,cleansed.iicats_point_cnfgn,PNT_TYP_CD,String,pointTypeCd,,,
raw.iicats_point_cnfgn,cleansed.iicats_point_cnfgn,PNT_TYP_CD,String,pointType,,"concat('POINT_TYPE',PNT_TYP_CD)",lookup-iicats-bi-reference
raw.iicats_point_cnfgn,cleansed.iicats_point_cnfgn,DRVN_TYP_CD,String,derivationTypeCd,,,
raw.iicats_point_cnfgn,cleansed.iicats_point_cnfgn,DRVN_TYP_CD,String,derivationType,,"concat('DERIVATION_TYPE',DRVN_TYP_CD)",lookup-iicats-bi-reference
raw.iicats_point_cnfgn,cleansed.iicats_point_cnfgn,UOM_CD,String,engineeringUnitCd,,,
raw.iicats_point_cnfgn,cleansed.iicats_point_cnfgn,UOM_CD,String,engineeringAuditUnit,,,lookup-iicats-unit-of-measure
raw.iicats_point_cnfgn,cleansed.iicats_point_cnfgn,ALRM_RS_PRRTY_CD,String,alarmRaisedPriority,,,
raw.iicats_point_cnfgn,cleansed.iicats_point_cnfgn,IICATS_GRP_DSC,String,legacyPointGroupDescription,,,
raw.iicats_point_cnfgn,cleansed.iicats_point_cnfgn,MNMNC_1_CD,String,mnemonic1,,,
raw.iicats_point_cnfgn,cleansed.iicats_point_cnfgn,MNMNC_2_CD,String,mnemonic2,,,
raw.iicats_point_cnfgn,cleansed.iicats_point_cnfgn,MNMNC_3_CD,String,mnemonic3,,,
raw.iicats_point_cnfgn,cleansed.iicats_point_cnfgn,MNMNC_4_CD,String,mnemonic4,,,
raw.iicats_point_cnfgn,cleansed.iicats_point_cnfgn,ALRM_GNRTD_IND,Integer,alarmGeneratedIndicator,,,
raw.iicats_point_cnfgn,cleansed.iicats_point_cnfgn,PNT_ALRM_JOB_DSC,String,pointAlarmJobDescription,,,
raw.iicats_point_cnfgn,cleansed.iicats_point_cnfgn,SCALE_FACTOR_MIN_VAL,"Decimal (38,18)",scaleFactorMinValue,,,
raw.iicats_point_cnfgn,cleansed.iicats_point_cnfgn,SCALE_FACTOR_MAX_VAL,"Decimal (38,18)",scaleFactorMaxValue,,,
raw.iicats_point_cnfgn,cleansed.iicats_point_cnfgn,PNT_DSCR,String,pointDescription,,,
raw.iicats_point_cnfgn,cleansed.iicats_point_cnfgn,PNT_TAG,String,pointTag,,,
raw.iicats_point_cnfgn,cleansed.iicats_point_cnfgn,LTST_SMPL_TM,DateTime,lastSampleTimestamp,,,
raw.iicats_point_cnfgn,cleansed.iicats_point_cnfgn,LTST_SMPL_USER,String,lastSampleUser,,,
raw.iicats_point_cnfgn,cleansed.iicats_point_cnfgn,HT_COMMAND,String,sourceRecordUpsertLogic,,,
raw.iicats_point_cnfgn,cleansed.iicats_point_cnfgn,HT_CRT_DT,DateTime,sourceRecordCreationDateTime,,,
raw.iicats_point_limit,cleansed.iicats_point_limit,CDB_OBJ_ID,BigInt,pointInternalId,,,
raw.iicats_point_limit,cleansed.iicats_point_limit,EFF_FROM_DT,DateTime,effectiveFromDateTime,,,
raw.iicats_point_limit,cleansed.iicats_point_limit,LMT_TYP_CD,String,pointLimitTypeCd,,,
raw.iicats_point_limit,cleansed.iicats_point_limit,LMT_TYP_CD,String,pointLimitType,,"concat('LIMIT_TYPE',LMT_TYP_CD)",lookup-iicats-bi-reference
raw.iicats_point_limit,cleansed.iicats_point_limit,ALRM_TYP_CD,String,pointAlarmTypeCd,,,
raw.iicats_point_limit,cleansed.iicats_point_limit,ALRM_TYP_CD,String,pointAlarmType,,"concat('ALARM_TYPE',ALRM_TYP_CD)",lookup-iicats-bi-reference
raw.iicats_point_limit,cleansed.iicats_point_limit,LMT_VAL,"Decimal (16,6)",limitValue,,,
raw.iicats_point_limit,cleansed.iicats_point_limit,HT_COMMAND,String,sourceRecordUpsertLogic,,,
raw.iicats_point_limit,cleansed.iicats_point_limit,HT_CRT_DT,DateTime,sourceRecordCreationDateTime,,,
raw.iicats_rtu,cleansed.iicats_rtu,CDB_RTU_ID,BigInt,RTUInternalId,,,
raw.iicats_rtu,cleansed.iicats_rtu,EFF_FROM_DT,DateTime,effectiveFromDateTime,,,
raw.iicats_rtu,cleansed.iicats_rtu,RTU_TYP_CD,String,RTUTypeCd,,,
raw.iicats_rtu,cleansed.iicats_rtu,RTU_TYP_CD,String,RTUType,,,iicats-custom-ref-rtu-type
raw.iicats_rtu,cleansed.iicats_rtu,IICATS_GRP_DSC,String,legacyRTUGroupName,,,
raw.iicats_rtu,cleansed.iicats_rtu,COMMS_MD_TXT,String,communicationsMedia,,,
raw.iicats_rtu,cleansed.iicats_rtu,HT_COMMAND,String,sourceRecordUpsertLogic,,,
raw.iicats_rtu,cleansed.iicats_rtu,HT_CRT_DT,DateTime,sourceRecordCreationDateTime,,,
raw.iicats_tsv_point_cnfgn,cleansed.iicats_tsv_point_cnfgn,CDB_OBJ_ID,BigInt,objectInternalId,,,
raw.iicats_tsv_point_cnfgn,cleansed.iicats_tsv_point_cnfgn,EFF_FROM_DT,DateTime,effectiveFromDateTime,,,
raw.iicats_tsv_point_cnfgn,cleansed.iicats_tsv_point_cnfgn,STAT_TYP_CD,String,pointStatisticTypeCd,,,
raw.iicats_tsv_point_cnfgn,cleansed.iicats_tsv_point_cnfgn,STAT_TYP_CD,String,pointStatisticType,,"concat('STATISTIC_TYPE',STAT_TYP_CD)",lookup-iicats-bi-reference
raw.iicats_tsv_point_cnfgn,cleansed.iicats_tsv_point_cnfgn,TM_BASE_CD,String,timeBaseCd,,,
raw.iicats_tsv_point_cnfgn,cleansed.iicats_tsv_point_cnfgn,TM_BASE_CD,String,timeBase,,"concat('TIME_BASE_TYPE',TM_BASE_CD)",lookup-iicats-bi-reference
raw.iicats_tsv_point_cnfgn,cleansed.iicats_tsv_point_cnfgn,PNT_CDB_OBJ_ID,BigInt,pointInternalId,,,
raw.iicats_tsv_point_cnfgn,cleansed.iicats_tsv_point_cnfgn,ACQSN_MTHD_CD,string,acquisitionMethodId,,,
raw.iicats_tsv_point_cnfgn,cleansed.iicats_tsv_point_cnfgn,ACQSN_MTHD_CD,String,acquisitionMethod,,"concat('ACQUISITION_METHOD',ACQSN_MTHD_CD)",lookup-iicats-bi-reference
raw.iicats_tsv_point_cnfgn,cleansed.iicats_tsv_point_cnfgn,TM_BASE,BigInt,pointTimeBaseinSeconds,,,
raw.iicats_tsv_point_cnfgn,cleansed.iicats_tsv_point_cnfgn,SGNFCNT_CHG_TYP_CD,Integer,significantChangeTypeCd,,,
raw.iicats_tsv_point_cnfgn,cleansed.iicats_tsv_point_cnfgn,SGNFCNT_CHG_TYP_CD,String,significantChangeType,,"concat('SGNFCNT_CHG_TYP_CD',Cast(SGNFCNT_CHG_TYP_CD As INT))",lookup-iicats-bi-reference
raw.iicats_tsv_point_cnfgn,cleansed.iicats_tsv_point_cnfgn,MIN_TM_VAL,"Decimal (38,18)",minimumTime,,,
raw.iicats_tsv_point_cnfgn,cleansed.iicats_tsv_point_cnfgn,SGNFCNT_CHG_DEADBAND_VAL,"Decimal (38,18)",significantChangeDeadbandValue,,,
raw.iicats_tsv_point_cnfgn,cleansed.iicats_tsv_point_cnfgn,HT_SYS_ID,Integer,sourceRecordSystemId,,,
raw.iicats_tsv_point_cnfgn,cleansed.iicats_tsv_point_cnfgn,HT_COMMAND,String,sourceRecordUpsertLogic,,,
raw.iicats_tsv_point_cnfgn,cleansed.iicats_tsv_point_cnfgn,HT_CRT_DT,DateTime,sourceRecordCreationDateTime,,,
raw.iicats_wkly_prof_cnfgn,cleansed.iicats_wkly_prof_cnfgn,CDB_OBJ_ID,BigInt,pointInternalId,,,
raw.iicats_wkly_prof_cnfgn,cleansed.iicats_wkly_prof_cnfgn,EFF_FROM_DT,DateTime,effectiveFromDateTime,,,
raw.iicats_wkly_prof_cnfgn,cleansed.iicats_wkly_prof_cnfgn,WKLY_PROF_NM,String,weeklyProfileName,,,
raw.iicats_wkly_prof_cnfgn,cleansed.iicats_wkly_prof_cnfgn,WKLY_PROF_DSC,String,weeklyProfileDescription,,,
raw.iicats_wkly_prof_cnfgn,cleansed.iicats_wkly_prof_cnfgn,DLY_PROF_MON_ID,BigInt,dailyProfileMondayId,,,
raw.iicats_wkly_prof_cnfgn,cleansed.iicats_wkly_prof_cnfgn,DLY_PROF_TUE_ID,BigInt,dailyProfileTuesdayId,,,
raw.iicats_wkly_prof_cnfgn,cleansed.iicats_wkly_prof_cnfgn,DLY_PROF_WED_ID,BigInt,dailyProfileWednesdayId,,,
raw.iicats_wkly_prof_cnfgn,cleansed.iicats_wkly_prof_cnfgn,DLY_PROF_THU_ID,BigInt,dailyProfileThursdayId,,,
raw.iicats_wkly_prof_cnfgn,cleansed.iicats_wkly_prof_cnfgn,DLY_PROF_FRI_ID,BigInt,dailyProfileFridayId,,,
raw.iicats_wkly_prof_cnfgn,cleansed.iicats_wkly_prof_cnfgn,DLY_PROF_SAT_ID,BigInt,dailyProfileSaturdayId,,,
raw.iicats_wkly_prof_cnfgn,cleansed.iicats_wkly_prof_cnfgn,DLY_PROF_SUN_ID,BigInt,dailyProfileSundayId,,,
raw.iicats_wkly_prof_cnfgn,cleansed.iicats_wkly_prof_cnfgn,TM_ZN,String,timeZone,,,
raw.iicats_wkly_prof_cnfgn,cleansed.iicats_wkly_prof_cnfgn,HT_SYS_ID,Integer,sourceRecordSystemId,,,
raw.iicats_wkly_prof_cnfgn,cleansed.iicats_wkly_prof_cnfgn,HT_COMMAND,String,sourceRecordUpsertLogic,,,
raw.iicats_wkly_prof_cnfgn,cleansed.iicats_wkly_prof_cnfgn,HT_CRT_DT,DateTime,sourceRecordCreationDateTime,,,
raw.iicats_qlty_config,cleansed.iicats_qlty_config,CDB_OBJ_ID,BigInt,objectInternalId,,,
raw.iicats_qlty_config,cleansed.iicats_qlty_config,EFF_FROM_DT,DateTime,effectiveFromDateTime,,,
raw.iicats_qlty_config,cleansed.iicats_qlty_config,HT_SYS_ID,Integer,sourceRecordSystemId,,,
raw.iicats_qlty_config,cleansed.iicats_qlty_config,PNT_QLTY_MASK,String,pointQualityMask,,,
raw.iicats_qlty_config,cleansed.iicats_qlty_config,HT_COMMAND,String,sourceRecordUpsertLogic,,,
raw.iicats_qlty_config,cleansed.iicats_qlty_config,HT_CRT_DT,DateTime,sourceRecordCreationDateTime,,,
raw.iicats_scxuser,cleansed.iicats_scxuser,USR_ID,BigInt,userInternalId,,,
raw.iicats_scxuser,cleansed.iicats_scxuser,EFF_FROM_DT,DateTime,effectiveFromDateTime,,,
raw.iicats_scxuser,cleansed.iicats_scxuser,HT_SYS_ID,Integer,sourceRecordSystemId,,,
raw.iicats_scxuser,cleansed.iicats_scxuser,USR_NM,String,userName,,,
raw.iicats_scxuser,cleansed.iicats_scxuser,USR_DSC,String,userNameDescription,,,
raw.iicats_scxuser,cleansed.iicats_scxuser,HT_COMMAND,String,sourceRecordUpsertLogic,,,
raw.iicats_scxuser,cleansed.iicats_scxuser,HT_CRT_DT,DateTime,sourceRecordCreationDateTime,,,
raw.iicats_groups,cleansed.iicats_groups,GROUP_ID,String,legacyPointGroupName,,,
raw.iicats_groups,cleansed.iicats_groups,GROUP_DESC,String,legacyPointGroupDescription,,,
raw.iicats_groups,cleansed.iicats_groups,M_DATE,DateTime,sourceRecordModifiedDateTime,,,
raw.iicats_groups,cleansed.iicats_groups,M_USER,String,sourceRecordModifierUser,,,
raw.iicats_groups,cleansed.iicats_groups,GROUP_NO,Integer,legacyPointGroupNumber,,,
raw.iicats_site_hierarchy,cleansed.iicats_site_hierarchy,SITE_NAME,String,siteDescription,,,
raw.iicats_site_hierarchy,cleansed.iicats_site_hierarchy,LEVEL_1_SYSTEM,String,organisation,,,
raw.iicats_site_hierarchy,cleansed.iicats_site_hierarchy,LEVEL_2_SYSTEM,String,product,,,
raw.iicats_site_hierarchy,cleansed.iicats_site_hierarchy,LEVEL_3_SYSTEM,String,operations_Treatment,,,
raw.iicats_site_hierarchy,cleansed.iicats_site_hierarchy,LEVEL_4_SYSTEM,String,delivery_System_Network,,,
raw.iicats_site_hierarchy,cleansed.iicats_site_hierarchy,LEVEL_5_SYSTEM,String,distributionSystem_Catchment,,,
raw.iicats_site_hierarchy,cleansed.iicats_site_hierarchy,LEVEL_6_SYSTEM,String,supplyZone_Scamp,,,
raw.iicats_site_hierarchy,cleansed.iicats_site_hierarchy,M_DATE,DateTime,sourceRecordModifiedDateTime,,,
raw.iicats_site_hierarchy,cleansed.iicats_site_hierarchy,M_USER,String,sourceRecordModifierUser,,,
raw.iicats_site_hierarchy,cleansed.iicats_site_hierarchy,LEVEL_7_SYSTEM,String,pressureZone,,,
raw.iicats_site_hierarchy,cleansed.iicats_site_hierarchy,SITE_INTERNAL_ID,BigInt,siteInternalId,,,
raw.iicats_site_hierarchy,cleansed.iicats_site_hierarchy,SCX_SITE_CODE,String,siteCode,,,
raw.iicats_site_hierarchy,cleansed.iicats_site_hierarchy,SCX_SITE_NAME,String,siteName,,,
raw.iicats_site_hierarchy,cleansed.iicats_site_hierarchy,SITE_AREA,String,geographicalArea,,,
raw.iicats_site_hierarchy,cleansed.iicats_site_hierarchy,GPS_NORTHING,"Decimal(38,4)",GPSNorthing,,,
raw.iicats_site_hierarchy,cleansed.iicats_site_hierarchy,GPS_EASTING,"Decimal(38,4)",GPSEasting,,,
raw.iicats_site_hierarchy,cleansed.iicats_site_hierarchy,SUBURB,String,suburbName,,,
raw.iicats_site_hierarchy,cleansed.iicats_site_hierarchy,UBD_REF,String,UBDReference,,,
raw.iicats_site_hierarchy,cleansed.iicats_site_hierarchy,ZN_ASSET_CODE,String,MNFAssetCd,,,
raw.iicats_site_hierarchy,cleansed.iicats_site_hierarchy,ZN_CONNECTIONS,BigInt,noOfConnections,,,
raw.iicats_site_hierarchy,cleansed.iicats_site_hierarchy,ZN_MAIN_LENGTH,BigInt,lengthOfMains,,,
raw.iicats_site_hierarchy,cleansed.iicats_site_hierarchy,ZN_PROPERTIES,BigInt,noOfPropertiesInMNFZone,,,
raw.iicats_site_hierarchy,cleansed.iicats_site_hierarchy,ZN_VOLUME,"Decimal(38,0)",reservoirVolumeinMegalitres,,,
raw.iicats_site_hierarchy,cleansed.iicats_site_hierarchy,ZN_COMMENT,String,userComment,,,
raw.iicats_site_hierarchy,cleansed.iicats_site_hierarchy,ZN_RTU_ID,String,MNFZoneRTUId,,,
raw.iicats_site_hierarchy,cleansed.iicats_site_hierarchy,ZN_SAMPLE_COUNT,Integer,sampleCount,,,
raw.iicats_site_hierarchy,cleansed.iicats_site_hierarchy,ZN_CR_NO,String,changeRequestNumber,,,
raw.iicats_scx_facility,cleansed.iicats_scx_facility,FACILITY_INTERNAL_ID,BigInt,facilityInternalId,,,
raw.iicats_scx_facility,cleansed.iicats_scx_facility,SCX_SITE_CODE,String,site,,,
raw.iicats_scx_facility,cleansed.iicats_scx_facility,SCX_FACILITY_CODE,String,facilityCd,,,
raw.iicats_scx_facility,cleansed.iicats_scx_facility,M_DATE,DateTime,sourceRecordModifiedDateTime,,,
raw.iicats_scx_facility,cleansed.iicats_scx_facility,M_USER,String,sourceRecordModifierUser,,,
raw.iicats_scx_facility,cleansed.iicats_scx_facility,BI_FACILITY_DESC,String,facilityDescription,,,
raw.iicats_scx_facility,cleansed.iicats_scx_facility,GPS_NORTHING,"Decimal(38,4)",GPSNorthing,,,
raw.iicats_scx_facility,cleansed.iicats_scx_facility,GPS_EASTING,"Decimal(38,4)",GPSEasting,,,
raw.iicats_wfp_daily_demand_archive,cleansed.iicats_wfp_daily_demand_archive,RTU_ID,String,legacyRTUName,,,
raw.iicats_wfp_daily_demand_archive,cleansed.iicats_wfp_daily_demand_archive,POINT_ID,String,legacyPointName,,,
raw.iicats_wfp_daily_demand_archive,cleansed.iicats_wfp_daily_demand_archive,TSV_VALUE,Float,measurementResultValue,,,
raw.iicats_wfp_daily_demand_archive,cleansed.iicats_wfp_daily_demand_archive,TSV_DATE,DateTime,measurementResultDateTime,,,
raw.iicats_wfp_daily_demand_archive,cleansed.iicats_wfp_daily_demand_archive,M_DATE,DateTime,sourceRecordModifiedDateTime,,,
raw.iicats_wfp_daily_demand_archive,cleansed.iicats_wfp_daily_demand_archive,M_USER,String,sourceRecordModifierUser,,,
raw.iicats_wfp_daily_demand_archive,cleansed.iicats_wfp_daily_demand_archive,ARCHIVE_TYPE,String,archiveType,,,
raw.iicats_wfp_daily_demand_archive,cleansed.iicats_wfp_daily_demand_archive,ARCHIVE_DATE,DateTime,archiveDate,,,
raw.iicats_wfp_daily_demand_archive,cleansed.iicats_wfp_daily_demand_archive,ARCHIVE_USER,String,archiveUser,,,
raw.iicats_wfp_daily_demand_archive,cleansed.iicats_wfp_daily_demand_archive,RTU_INTERNAL_ID,BigInt,legacyRTUInternalId,,,
raw.iicats_wfp_daily_demand_archive,cleansed.iicats_wfp_daily_demand_archive,POINT_INTERNAL_ID,BigInt,legacyPointInternalId,,,
raw.iicats_std_asset_type,cleansed.iicats_std_asset_type,ASSET_TYPE,String,assetType,,,
raw.iicats_std_asset_type,cleansed.iicats_std_asset_type,ASSET_DESCRIPTION,String,assetDescription,,,
raw.iicats_std_asset_type,cleansed.iicats_std_asset_type,M_DATE,DateTime,sourceRecordModifiedDateTime,,,
raw.iicats_std_asset_type,cleansed.iicats_std_asset_type,M_USER,String,sourceRecordModifierUser,,,
raw.iicats_std_facility_type,cleansed.iicats_std_facility_type,FACILITY_TYPE,String,facilityType,,,
raw.iicats_std_facility_type,cleansed.iicats_std_facility_type,FACILITY_DESCRIPTION,String,facilityDescription,,,
raw.iicats_std_facility_type,cleansed.iicats_std_facility_type,M_DATE,DateTime,sourceRecordModifiedDateTime,,,
raw.iicats_std_facility_type,cleansed.iicats_std_facility_type,M_USER,String,sourceRecordModifierUser,,,
raw.iicats_scx_point,cleansed.iicats_scx_point,SCX_SITE_CODE,String,site,,,
raw.iicats_scx_point,cleansed.iicats_scx_point,SCX_ASSET_CODE,String,assetCd,,,
raw.iicats_scx_point,cleansed.iicats_scx_point,SCX_POINT_NAME,String,pointName,,,
raw.iicats_scx_point,cleansed.iicats_scx_point,SCX_POINT_CLASS,String,pointClass,,,
raw.iicats_scx_point,cleansed.iicats_scx_point,RTU_ID,String,legacyRTUName,,,
raw.iicats_scx_point,cleansed.iicats_scx_point,POINT_ID,String,legacyPointName,,,
raw.iicats_scx_point,cleansed.iicats_scx_point,MNEMONIC1,BigInt,mnemonic1,,,
raw.iicats_scx_point,cleansed.iicats_scx_point,STATE1,String,state1,,,
raw.iicats_scx_point,cleansed.iicats_scx_point,MNEMONIC2,BigInt,mnemonic2,,,
raw.iicats_scx_point,cleansed.iicats_scx_point,STATE2,String,state2,,,
raw.iicats_scx_point,cleansed.iicats_scx_point,MNEMONIC3,BigInt,mnemonic3,,,
raw.iicats_scx_point,cleansed.iicats_scx_point,STATE3,String,state3,,,
raw.iicats_scx_point,cleansed.iicats_scx_point,MNEMONIC4,BigInt,mnemonic4,,,
raw.iicats_scx_point,cleansed.iicats_scx_point,STATE4,String,state4,,,
raw.iicats_scx_point,cleansed.iicats_scx_point,ALARM_DESCRIPT,String,pointAlarmJobDescription,,,
raw.iicats_scx_point,cleansed.iicats_scx_point,M_DATE,DateTime,sourceRecordModifiedDateTime,,,
raw.iicats_scx_point,cleansed.iicats_scx_point,M_USER,String,sourceRecordModifierUser,,,
raw.iicats_scx_point,cleansed.iicats_scx_point,SCX_FACILITY_CODE,String,facilityCd,,,
raw.iicats_scx_point,cleansed.iicats_scx_point,POINT_REPORT_ID,BigInt,pointReportedId,,,
raw.iicats_scx_point,cleansed.iicats_scx_point,AREA_OF_INTEREST,String,areaOfInterest,,,
raw.iicats_scx_point,cleansed.iicats_scx_point,EQUIPMENT_CODE,String,equipmentCd,,,
raw.iicats_scx_point,cleansed.iicats_scx_point,POINT_INTERNAL_ID,BigInt,pointInternalId,,,
raw.iicats_bi_reference_codes,cleansed.iicats_bi_reference_codes,FIELD,String,referenceField,,,
raw.iicats_bi_reference_codes,cleansed.iicats_bi_reference_codes,REF_CODE,String,referenceCd,,,
raw.iicats_bi_reference_codes,cleansed.iicats_bi_reference_codes,DESCRIPTION,String,referenceDescription,,,
raw.iicats_bi_reference_codes,cleansed.iicats_bi_reference_codes,M_DATE,DateTime,sourceRecordModifiedDateTime,,,
raw.iicats_bi_reference_codes,cleansed.iicats_bi_reference_codes,M_USER,String,sourceRecordModifierUser,,,
raw.iicats_std_unit,cleansed.iicats_std_unit,UNITS_ID,BigInt,unitId,,,
raw.iicats_std_unit,cleansed.iicats_std_unit,UNITS,String,units,,,
raw.iicats_std_unit,cleansed.iicats_std_unit,M_DATE,DateTime,sourceRecordModifiedDateTime,,,
raw.iicats_std_unit,cleansed.iicats_std_unit,M_USER,String,sourceRecordModifierUser,,,
raw.iicats_std_unit,cleansed.iicats_std_unit,AUDIT_UNIT,String,auditUnit,,,
raw.iicats_scxfield,cleansed.iicats_scxfield,SCX_FLD_NM,String,fieldName,,,
raw.iicats_scxfield,cleansed.iicats_scxfield,IICATS_STG_TABLE_NM,String,IICATSStagingTableName,,,
raw.iicats_scxfield,cleansed.iicats_scxfield,IICATS_STG_FLD_NM,String,IICATSStagingFieldName,,,
raw.iicats_scxfield,cleansed.iicats_scxfield,HT_SYS_ID,Integer,sourceRecordSystemId,,,
raw.iicats_scxfield,cleansed.iicats_scxfield,IICATS_STG_FLD_DSC,String,IICATSStagingFieldDescription,,,
