RawTable,CleansedTable,RawColumnName,CleansedColumnName,DataType,TransformTag,CustomTransform,Lookup
raw.ppm_0inm_initiative_guid_attr,cleansed.ppm_0inm_initiative_guid_attr,DI_OPERATION_TYPE,di_operation_type,String,,,
raw.ppm_0inm_initiative_guid_attr,cleansed.ppm_0inm_initiative_guid_attr,DI_SEQUENCE_NUMBER,di_sequence_number,bigint,,,
raw.ppm_0inm_initiative_guid_attr,cleansed.ppm_0inm_initiative_guid_attr,DPR_GUID,applicationObjectGuid,String,,,
raw.ppm_0inm_initiative_guid_attr,cleansed.ppm_0inm_initiative_guid_attr,EXTERNAL_ID,initiativeId,String,,,
raw.ppm_0inm_initiative_guid_attr,cleansed.ppm_0inm_initiative_guid_attr,EXTRACT_DATETIME,extract_datetime,String,,,
raw.ppm_0inm_initiative_guid_attr,cleansed.ppm_0inm_initiative_guid_attr,GUID,initiativeGuid,String,,,
raw.ppm_0inm_initiative_guid_attr,cleansed.ppm_0inm_initiative_guid_attr,GUID,initiativeGuidDescription,String,,,lookup-ppm-initiativeguid
raw.ppm_0inm_initiative_guid_attr,cleansed.ppm_0inm_initiative_guid_attr,IS_GLOBAL,globalTemplate,String,,,
raw.ppm_0inm_initiative_guid_attr,cleansed.ppm_0inm_initiative_guid_attr,ITEM_GUID,itemGuid,String,,,
raw.ppm_0inm_initiative_guid_attr,cleansed.ppm_0inm_initiative_guid_attr,LAST_CHANGED_BY,lastChangedById,String,,,
raw.ppm_0inm_initiative_guid_attr,cleansed.ppm_0inm_initiative_guid_attr,LAST_CHANGED_ON,lastChangedDate,Datetime,int-utc-to-sydney-datetime,,
raw.ppm_0inm_initiative_guid_attr,cleansed.ppm_0inm_initiative_guid_attr,TEMPLATE_GUID,templateGuid,String,,,
raw.ppm_0inm_initiative_guid_text,cleansed.ppm_0inm_initiative_guid_text,DI_OPERATION_TYPE,di_operation_type,String,,,
raw.ppm_0inm_initiative_guid_text,cleansed.ppm_0inm_initiative_guid_text,DI_SEQUENCE_NUMBER,di_sequence_number,bigint,,,
raw.ppm_0inm_initiative_guid_text,cleansed.ppm_0inm_initiative_guid_text,EXTRACT_DATETIME,extract_datetime,String,,,
raw.ppm_0inm_initiative_guid_text,cleansed.ppm_0inm_initiative_guid_text,GUID,initiativeGuid,String,,,
raw.ppm_0inm_initiative_guid_text,cleansed.ppm_0inm_initiative_guid_text,LAST_CHANGED_ON,lastChangedDate,Datetime,int-utc-to-sydney-datetime,,
raw.ppm_0inm_initiative_guid_text,cleansed.ppm_0inm_initiative_guid_text,TEXT1,shortText,String,,,
raw.ppm_0inm_initiative_guid_text,cleansed.ppm_0inm_initiative_guid_text,TEXTU,projectPlanningShortText,String,,,
raw.ppm_0project_attr,cleansed.ppm_0project_attr,AEDAT,changedOnDate,date,str-yyyy-mm-dd-to-date,,
raw.ppm_0project_attr,cleansed.ppm_0project_attr,ASTNR,applicantId,String,,,
raw.ppm_0project_attr,cleansed.ppm_0project_attr,BWSTSYS0,systemStatusId,String,,,
raw.ppm_0project_attr,cleansed.ppm_0project_attr,CPR_GUID,cprGuid,String,,,
raw.ppm_0project_attr,cleansed.ppm_0project_attr,CPR_GUID_ODP,cprGuidOdp,String,,,
raw.ppm_0project_attr,cleansed.ppm_0project_attr,DEL_PARTNER,deliveryPartnerId,String,,,
raw.ppm_0project_attr,cleansed.ppm_0project_attr,DI_OPERATION_TYPE,di_operation_type,String,,,
raw.ppm_0project_attr,cleansed.ppm_0project_attr,DI_SEQUENCE_NUMBER,di_sequence_number,bigint,,,
raw.ppm_0project_attr,cleansed.ppm_0project_attr,ERDAT,createdOnDate,date,str-yyyy-mm-dd-to-date,,
raw.ppm_0project_attr,cleansed.ppm_0project_attr,EXTRACT_DATETIME,extract_datetime,String,,,
raw.ppm_0project_attr,cleansed.ppm_0project_attr,GUID,projectGuid,String,,,
raw.ppm_0project_attr,cleansed.ppm_0project_attr,GUID_ODP,projectOdpGuid,String,,,
raw.ppm_0project_attr,cleansed.ppm_0project_attr,KOSTL,costCenterNumber,String,,,
raw.ppm_0project_attr,cleansed.ppm_0project_attr,OBJNR,objectNumberId,String,,,
raw.ppm_0project_attr,cleansed.ppm_0project_attr,PRCTR,profitCenterNumber,String,,,
raw.ppm_0project_attr,cleansed.ppm_0project_attr,PROEX,projectId,String,,,
raw.ppm_0project_attr,cleansed.ppm_0project_attr,PSPID,projectIdDefinition,String,,,
raw.ppm_0project_attr,cleansed.ppm_0project_attr,PWHIE,currencyKey,String,,,
raw.ppm_0project_attr,cleansed.ppm_0project_attr,VBUKR,projectCompanyCode,String,,,
raw.ppm_0project_attr,cleansed.ppm_0project_attr,VERNR,personResponsibleId,String,,,
raw.ppm_0project_attr,cleansed.ppm_0project_attr,VGSBR,projectBusinessArea,String,,,
raw.ppm_0project_attr,cleansed.ppm_0project_attr,VKOKR,projectControllingArea,String,,,
raw.ppm_0project_attr,cleansed.ppm_0project_attr,WERKS,plant,String,,,
raw.ppm_0project_attr,cleansed.ppm_0project_attr,ZZ_BUS_FUNC,businessFunction,String,,,
raw.ppm_0project_attr,cleansed.ppm_0project_attr,ZZ_CASE_NUM,caseNumber,String,,,
raw.ppm_0project_attr,cleansed.ppm_0project_attr,ZZ_INVEST_INI,investmentInitiative,String,,,
raw.ppm_0project_attr,cleansed.ppm_0project_attr,ZZ_MPA_ID,majorProjectAssociationList,String,,,
raw.ppm_0project_attr,cleansed.ppm_0project_attr,ZZ_NETWORK,network,String,,,
raw.ppm_0project_attr,cleansed.ppm_0project_attr,ZZBKTD,bucketDescription,String,,,
raw.ppm_0project_attr,cleansed.ppm_0project_attr,ZZBUKT,bucketId,String,,,
raw.ppm_0project_attr,cleansed.ppm_0project_attr,ZZBUS_DRIVER,businessDriver,String,,,
raw.ppm_0project_attr,cleansed.ppm_0project_attr,ZZCEMEL_ID,cemlnClassificationID,String,,,
raw.ppm_0project_attr,cleansed.ppm_0project_attr,ZZCIP_TYPE,cipAssetType,String,,,
raw.ppm_0project_attr,cleansed.ppm_0project_attr,ZZCMPJ,commericalProject,String,,,
raw.ppm_0project_attr,cleansed.ppm_0project_attr,ZZELECTORATE,electorate,String,,,
raw.ppm_0project_attr,cleansed.ppm_0project_attr,ZZEXTSYNC,synchronizationFlag,String,,,
raw.ppm_0project_attr,cleansed.ppm_0project_attr,ZZEXTSYS,externalSystemId,String,,,
raw.ppm_0project_attr,cleansed.ppm_0project_attr,ZZFACILITY,facility,String,,,
raw.ppm_0project_attr,cleansed.ppm_0project_attr,ZZFILE_NO,fileNo,String,,,
raw.ppm_0project_attr,cleansed.ppm_0project_attr,ZZFMIS,fmisProjectId,String,,,
raw.ppm_0project_attr,cleansed.ppm_0project_attr,ZZGUID,guid,String,,,
raw.ppm_0project_attr,cleansed.ppm_0project_attr,ZZIMPRF,investmentMeasureProfile,String,,,
raw.ppm_0project_attr,cleansed.ppm_0project_attr,ZZINID,initiativeDescription,String,,,
raw.ppm_0project_attr,cleansed.ppm_0project_attr,ZZINIT,initiativeId,String,,,
raw.ppm_0project_attr,cleansed.ppm_0project_attr,ZZMUNICIPALITY,municipality,String,,,
raw.ppm_0project_attr,cleansed.ppm_0project_attr,ZZPFDS,portfolioDescription,String,,,
raw.ppm_0project_attr,cleansed.ppm_0project_attr,ZZPFID,portfolioId,String,,,
raw.ppm_0project_attr,cleansed.ppm_0project_attr,ZZPRIM,primeId,String,,,
raw.ppm_0project_attr,cleansed.ppm_0project_attr,ZZPRODUCT,plantSection,String,,,
raw.ppm_0project_attr,cleansed.ppm_0project_attr,ZZPROFL,projectProfile,String,,,
raw.ppm_0project_attr,cleansed.ppm_0project_attr,ZZPUBLDATE,lastPublishedDate,date,str-yyyy-mm-dd-to-date,,
raw.ppm_0project_attr,cleansed.ppm_0project_attr,ZZSIRD,ipartSIRId,String,,,
raw.ppm_0project_attr,cleansed.ppm_0project_attr,ZZSTTXT_EXT,userStatusField,String,,,
raw.ppm_0project_attr,cleansed.ppm_0project_attr,ZZSTTXT_INT,systemStatusInternal,String,,,
raw.ppm_0project_attr,cleansed.ppm_0project_attr,ZZSUB_DELPART,subDeliveryPartner,String,,,
raw.ppm_0project_attr,cleansed.ppm_0project_attr,ZZSYNCDATE,lastSynchronizationDate,date,str-yyyy-mm-dd-to-date,,
raw.ppm_0project_text,cleansed.ppm_0project_text,AEDAT,changedOnDate,date,str-yyyy-mm-dd-to-date,,
raw.ppm_0project_text,cleansed.ppm_0project_text,DI_OPERATION_TYPE,di_operation_type,String,,,
raw.ppm_0project_text,cleansed.ppm_0project_text,DI_SEQUENCE_NUMBER,di_sequence_number,bigint,,,
raw.ppm_0project_text,cleansed.ppm_0project_text,ERDAT,createdOnDate,date,str-yyyy-mm-dd-to-date,,
raw.ppm_0project_text,cleansed.ppm_0project_text,EXTRACT_DATETIME,extract_datetime,String,,,
raw.ppm_0project_text,cleansed.ppm_0project_text,PSPID,projectIdDefinition,String,,,
raw.ppm_0project_text,cleansed.ppm_0project_text,TXTMD,projectDescriptionMedium,String,,,
raw.ppm_0rpm_bucket_guid_attr,cleansed.ppm_0rpm_bucket_guid_attr,BEGDA_DEM,bucketCapacityPlanningStartDate,Date,str-yyyy-mm-dd-to-date,,
raw.ppm_0rpm_bucket_guid_attr,cleansed.ppm_0rpm_bucket_guid_attr,BEGDA_FIN,BucketFinancialPlanningStartDate,Date,str-yyyy-mm-dd-to-date,,
raw.ppm_0rpm_bucket_guid_attr,cleansed.ppm_0rpm_bucket_guid_attr,CHANGED_BY,changedById,String,,,
raw.ppm_0rpm_bucket_guid_attr,cleansed.ppm_0rpm_bucket_guid_attr,CHANGED_ON,lastChangedDate,Timestamp,double-to-datetime,,
raw.ppm_0rpm_bucket_guid_attr,cleansed.ppm_0rpm_bucket_guid_attr,CURRENCY,currencyKey,String,,,
raw.ppm_0rpm_bucket_guid_attr,cleansed.ppm_0rpm_bucket_guid_attr,DI_OPERATION_TYPE,di_operation_type,String,,,
raw.ppm_0rpm_bucket_guid_attr,cleansed.ppm_0rpm_bucket_guid_attr,DI_SEQUENCE_NUMBER,di_sequence_number,bigint,,,
raw.ppm_0rpm_bucket_guid_attr,cleansed.ppm_0rpm_bucket_guid_attr,EXTRACT_DATETIME,extract_datetime,String,,,
raw.ppm_0rpm_bucket_guid_attr,cleansed.ppm_0rpm_bucket_guid_attr,EA_DUMMY,eadummy,String,,,
raw.ppm_0rpm_bucket_guid_attr,cleansed.ppm_0rpm_bucket_guid_attr,ENDDA_DEM,bucketCapacityPlanningFinishDate,Date,str-yyyy-mm-dd-to-date,,
raw.ppm_0rpm_bucket_guid_attr,cleansed.ppm_0rpm_bucket_guid_attr,ENDDA_FIN,bucketFinancialPlanningFinishDate,Date,str-yyyy-mm-dd-to-date,,
raw.ppm_0rpm_bucket_guid_attr,cleansed.ppm_0rpm_bucket_guid_attr,EXTERNAL_ID,bucketId,String,,,
raw.ppm_0rpm_bucket_guid_attr,cleansed.ppm_0rpm_bucket_guid_attr,GUID,bucketGuid,String,,,
raw.ppm_0rpm_bucket_guid_attr,cleansed.ppm_0rpm_bucket_guid_attr,GUID,bucketGuidDescription,String,,,lookup-ppm-bucketguid
raw.ppm_0rpm_bucket_guid_attr,cleansed.ppm_0rpm_bucket_guid_attr,PARENT_GUID,parentBucketGuid,String,,,
raw.ppm_0rpm_bucket_guid_attr,cleansed.ppm_0rpm_bucket_guid_attr,PERIOD_TYPE,bucketPeriodType,Integer,,,
raw.ppm_0rpm_bucket_guid_attr,cleansed.ppm_0rpm_bucket_guid_attr,PORTFOLIO_GUID,portfolioGuid,String,,,
raw.ppm_0rpm_bucket_guid_attr,cleansed.ppm_0rpm_bucket_guid_attr,RELEASE_STATUS,releaseStatusId,String,,,
raw.ppm_0rpm_bucket_guid_attr,cleansed.ppm_0rpm_bucket_guid_attr,UNIT,capacityUnitCode,String,,,
raw.ppm_0rpm_bucket_guid_id_text,cleansed.ppm_0rpm_bucket_guid_id_text,CHANGED_ON,changedOnTimestamp,TimeStamp,double-to-datetime,,
raw.ppm_0rpm_bucket_guid_id_text,cleansed.ppm_0rpm_bucket_guid_id_text,DI_OPERATION_TYPE,di_operation_type,String,,,
raw.ppm_0rpm_bucket_guid_id_text,cleansed.ppm_0rpm_bucket_guid_id_text,DI_SEQUENCE_NUMBER,di_sequence_number,bigint,,,
raw.ppm_0rpm_bucket_guid_id_text,cleansed.ppm_0rpm_bucket_guid_id_text,EXTRACT_DATETIME,extract_datetime,String,,,
raw.ppm_0rpm_bucket_guid_id_text,cleansed.ppm_0rpm_bucket_guid_id_text,GUID,bucketGuid,String,,,
raw.ppm_0rpm_bucket_guid_id_text,cleansed.ppm_0rpm_bucket_guid_id_text,TEXT1,bucketIdDescription,String,,,
raw.ppm_0rpm_decision_guid_attr,cleansed.ppm_0rpm_decision_guid_attr,ACTIVE,activeFlag,String,flag-x-yes-no,,
raw.ppm_0rpm_decision_guid_attr,cleansed.ppm_0rpm_decision_guid_attr,ACTUAL_DEC_DATE,actualDecisiondate,date,str-yyyy-mm-dd-to-date,,
raw.ppm_0rpm_decision_guid_attr,cleansed.ppm_0rpm_decision_guid_attr,ACTUAL_FINISH,actualFinishdate,date,str-yyyy-mm-dd-to-date,,
raw.ppm_0rpm_decision_guid_attr,cleansed.ppm_0rpm_decision_guid_attr,ACTUAL_START,actualStartdate,date,str-yyyy-mm-dd-to-date,,
raw.ppm_0rpm_decision_guid_attr,cleansed.ppm_0rpm_decision_guid_attr,CHANGED_BY,lastChangedById,String,,,
raw.ppm_0rpm_decision_guid_attr,cleansed.ppm_0rpm_decision_guid_attr,CHANGED_ON,lastChangedDate,TimeStamp,double-to-datetime,,
raw.ppm_0rpm_decision_guid_attr,cleansed.ppm_0rpm_decision_guid_attr,DECISION_DATE,forecastedDecisionDate,date,str-yyyy-mm-dd-to-date,,
raw.ppm_0rpm_decision_guid_attr,cleansed.ppm_0rpm_decision_guid_attr,DECISION_ID,decisionId,String,,,
raw.ppm_0rpm_decision_guid_attr,cleansed.ppm_0rpm_decision_guid_attr,DI_OPERATION_TYPE,di_operation_type,String,,,
raw.ppm_0rpm_decision_guid_attr,cleansed.ppm_0rpm_decision_guid_attr,DI_SEQUENCE_NUMBER,di_sequence_number,bigint,,,
raw.ppm_0rpm_decision_guid_attr,cleansed.ppm_0rpm_decision_guid_attr,EA_DUMMY,dummyData,String,,,
raw.ppm_0rpm_decision_guid_attr,cleansed.ppm_0rpm_decision_guid_attr,EXTRACT_DATETIME,extract_datetime,String,,,
raw.ppm_0rpm_decision_guid_attr,cleansed.ppm_0rpm_decision_guid_attr,FORECAST_FINISH,forecastFinishdate,date,str-yyyy-mm-dd-to-date,,
raw.ppm_0rpm_decision_guid_attr,cleansed.ppm_0rpm_decision_guid_attr,FORECAST_START,forecastStartDate,date,str-yyyy-mm-dd-to-date,,
raw.ppm_0rpm_decision_guid_attr,cleansed.ppm_0rpm_decision_guid_attr,GUID,decisionGuid,String,,,
raw.ppm_0rpm_decision_guid_attr,cleansed.ppm_0rpm_decision_guid_attr,GUID,decisionGuidDescription,String,,,lookup-ppm-decisionguid
raw.ppm_0rpm_decision_guid_attr,cleansed.ppm_0rpm_decision_guid_attr,ITEM_GUID,itemGuid,String,,,
raw.ppm_0rpm_decision_guid_attr,cleansed.ppm_0rpm_decision_guid_attr,ITEM_TYPE,itemType,string,,,
raw.ppm_0rpm_decision_guid_attr,cleansed.ppm_0rpm_decision_guid_attr,PLAN_FINISH,planFinishdate,date,str-yyyy-mm-dd-to-date,,
raw.ppm_0rpm_decision_guid_attr,cleansed.ppm_0rpm_decision_guid_attr,PLAN_START,planStartdate,date,str-yyyy-mm-dd-to-date,,
raw.ppm_0rpm_decision_guid_attr,cleansed.ppm_0rpm_decision_guid_attr,PLANNED_DEC_DATE,plannedDecisiondate,date,str-yyyy-mm-dd-to-date,,
raw.ppm_0rpm_decision_guid_attr,cleansed.ppm_0rpm_decision_guid_attr,STATUS,statusCode,String,,,
raw.ppm_0rpm_decision_guid_id_text,cleansed.ppm_0rpm_decision_guid_id_text,CHANGED_ON,changedOn,TimeStamp,double-to-datetime,,
raw.ppm_0rpm_decision_guid_id_text,cleansed.ppm_0rpm_decision_guid_id_text,DI_SEQUENCE_NUMBER,di_sequence_number,bigint,,,
raw.ppm_0rpm_decision_guid_id_text,cleansed.ppm_0rpm_decision_guid_id_text,EXTERNAL_ID,externalId,String,,,
raw.ppm_0rpm_decision_guid_id_text,cleansed.ppm_0rpm_decision_guid_id_text,EXTRACT_DATETIME,extract_datetime,String,,,
raw.ppm_0rpm_decision_guid_id_text,cleansed.ppm_0rpm_decision_guid_id_text,GUID,decisionGuid,String,,,
raw.ppm_0rpm_decision_guid_id_text,cleansed.ppm_0rpm_decision_guid_id_text,TEXT1,decisionGuidDescription,String,,,
raw.ppm_0rpm_decision_id_text,cleansed.ppm_0rpm_decision_id_text,EXTRACT_DATETIME,extract_datetime,String,,,
raw.ppm_0rpm_decision_id_text,cleansed.ppm_0rpm_decision_id_text,ITEM_TYPE,itemType,String,,,
raw.ppm_0rpm_decision_id_text,cleansed.ppm_0rpm_decision_id_text,PHASE_ID,decisionPointId,String,,,
raw.ppm_0rpm_decision_id_text,cleansed.ppm_0rpm_decision_id_text,PHASE_TEXT,decisionPointText,String,,,
raw.ppm_0rpm_item_type_text,cleansed.ppm_0rpm_item_type_text,EXTRACT_DATETIME,extract_datetime,String,,,
raw.ppm_0rpm_item_type_text,cleansed.ppm_0rpm_item_type_text,ITEM_TYPE,itemType,String,,,
raw.ppm_0rpm_item_type_text,cleansed.ppm_0rpm_item_type_text,ITEM_TYPE_T,itemTypeText,String,,,
raw.ppm_0rpm_port_guid_attr,cleansed.ppm_0rpm_port_guid_attr,CHANGED_BY,changedBy,String,,,
raw.ppm_0rpm_port_guid_attr,cleansed.ppm_0rpm_port_guid_attr,CHANGED_ON,changedOn,TimeStamp,double-to-datetime,,
raw.ppm_0rpm_port_guid_attr,cleansed.ppm_0rpm_port_guid_attr,CURRENCY,currencyKey,String,,,
raw.ppm_0rpm_port_guid_attr,cleansed.ppm_0rpm_port_guid_attr,DI_OPERATION_TYPE,di_operation_type,String,,,
raw.ppm_0rpm_port_guid_attr,cleansed.ppm_0rpm_port_guid_attr,DI_SEQUENCE_NUMBER,di_sequence_number,bigint,,,
raw.ppm_0rpm_port_guid_attr,cleansed.ppm_0rpm_port_guid_attr,EA_DUMMY,guidDummyRPMAttributes,String,,,
raw.ppm_0rpm_port_guid_attr,cleansed.ppm_0rpm_port_guid_attr,EXTERNAL_ID,portfolioId,String,,,
raw.ppm_0rpm_port_guid_attr,cleansed.ppm_0rpm_port_guid_attr,EXTRACT_DATETIME,extract_datetime,String,,,
raw.ppm_0rpm_port_guid_attr,cleansed.ppm_0rpm_port_guid_attr,GUID,portGuid,String,,,
raw.ppm_0rpm_port_guid_attr,cleansed.ppm_0rpm_port_guid_attr,GUID,portGuidDescription,String,,,lookup-ppm-portguid
raw.ppm_0rpm_port_guid_attr,cleansed.ppm_0rpm_port_guid_attr,PARENT_GUID,parentGuid,String,,,
raw.ppm_0rpm_port_guid_attr,cleansed.ppm_0rpm_port_guid_attr,PERIOD_TYPE,financialPeriodType,String,,,
raw.ppm_0rpm_port_guid_attr,cleansed.ppm_0rpm_port_guid_attr,PORTFOLIO_GUID,portfolioGuid,String,,,
raw.ppm_0rpm_port_guid_attr,cleansed.ppm_0rpm_port_guid_attr,PORTFOLIO_TYPE,portfolioTypeKey,String,,,
raw.ppm_0rpm_port_guid_attr,cleansed.ppm_0rpm_port_guid_attr,RELEASE_STATUS,releaseStatusCode,String,,,
raw.ppm_0rpm_port_guid_attr,cleansed.ppm_0rpm_port_guid_attr,UNIT,capacityUnit,String,,,
raw.ppm_0rpm_port_guid_attr,cleansed.ppm_0rpm_port_guid_attr,ZZHIERARCHY,classificationHierarchy,String,,,
raw.ppm_0rpm_port_guid_id_text,cleansed.ppm_0rpm_port_guid_id_text,CHANGED_ON,changedOn,TimeStamp,double-to-datetime,,
raw.ppm_0rpm_port_guid_id_text,cleansed.ppm_0rpm_port_guid_id_text,DI_OPERATION_TYPE,di_operation_type,String,,,
raw.ppm_0rpm_port_guid_id_text,cleansed.ppm_0rpm_port_guid_id_text,DI_SEQUENCE_NUMBER,di_sequence_number,bigint,,,
raw.ppm_0rpm_port_guid_id_text,cleansed.ppm_0rpm_port_guid_id_text,EXTRACT_DATETIME,extract_datetime,String,,,
raw.ppm_0rpm_port_guid_id_text,cleansed.ppm_0rpm_port_guid_id_text,GUID,portGuid,String,,,
raw.ppm_0rpm_port_guid_id_text,cleansed.ppm_0rpm_port_guid_id_text,TEXT1,portfolioGuidDescription,String,,,
raw.ppm_0wbs_elemt_attr,cleansed.ppm_0wbs_elemt_attr,AEDAT,changedOn,date,str-yyyy-mm-dd-to-date,,
raw.ppm_0wbs_elemt_attr,cleansed.ppm_0wbs_elemt_attr,AKSTL,requestingCostCenter,String,,,
raw.ppm_0wbs_elemt_attr,cleansed.ppm_0wbs_elemt_attr,ASTNR,applicant,String,,,
raw.ppm_0wbs_elemt_attr,cleansed.ppm_0wbs_elemt_attr,BWSTSYS0,systemStatus,String,,,
raw.ppm_0wbs_elemt_attr,cleansed.ppm_0wbs_elemt_attr,CGPL_GUID16,externalSystemGuid,String,,,
raw.ppm_0wbs_elemt_attr,cleansed.ppm_0wbs_elemt_attr,CPR_GUID,cprGuid,String,,,
raw.ppm_0wbs_elemt_attr,cleansed.ppm_0wbs_elemt_attr,CPR_GUID_ODP,cprGuidOdp,String,,,
raw.ppm_0wbs_elemt_attr,cleansed.ppm_0wbs_elemt_attr,DEL_PARTNER,deliveryPartner,String,,,
raw.ppm_0wbs_elemt_attr,cleansed.ppm_0wbs_elemt_attr,DI_OPERATION_TYPE,di_operation_type,String,,,
raw.ppm_0wbs_elemt_attr,cleansed.ppm_0wbs_elemt_attr,DI_SEQUENCE_NUMBER,di_sequence_number,bigint,,,
raw.ppm_0wbs_elemt_attr,cleansed.ppm_0wbs_elemt_attr,ERDAT,createdOn,date,str-yyyy-mm-dd-to-date,,
raw.ppm_0wbs_elemt_attr,cleansed.ppm_0wbs_elemt_attr,EXTRACT_DATETIME,extract_datetime,String,,,
raw.ppm_0wbs_elemt_attr,cleansed.ppm_0wbs_elemt_attr,FKSTL,responsibleCostCenter,String,,,
raw.ppm_0wbs_elemt_attr,cleansed.ppm_0wbs_elemt_attr,GUID,guidsPSObjects,String,,,
raw.ppm_0wbs_elemt_attr,cleansed.ppm_0wbs_elemt_attr,GUID_ODP,odpGuid,String,,,
raw.ppm_0wbs_elemt_attr,cleansed.ppm_0wbs_elemt_attr,GUID16_ODP,odpGuid16,String,,,
raw.ppm_0wbs_elemt_attr,cleansed.ppm_0wbs_elemt_attr,ISIZE,scaleOfInvestmentObjects,String,,,
raw.ppm_0wbs_elemt_attr,cleansed.ppm_0wbs_elemt_attr,IZWEK,reasonForInvestment,String,,,
raw.ppm_0wbs_elemt_attr,cleansed.ppm_0wbs_elemt_attr,KOSTL,costCenter,String,,,
raw.ppm_0wbs_elemt_attr,cleansed.ppm_0wbs_elemt_attr,OBJNR,objectNumber,String,,,
raw.ppm_0wbs_elemt_attr,cleansed.ppm_0wbs_elemt_attr,PBUKR,wbsElementCompanyCode,String,,,
raw.ppm_0wbs_elemt_attr,cleansed.ppm_0wbs_elemt_attr,PGSBR,wbsElementBusinessArea,String,,,
raw.ppm_0wbs_elemt_attr,cleansed.ppm_0wbs_elemt_attr,PKOKR,wbsElementControllingArea,String,,,
raw.ppm_0wbs_elemt_attr,cleansed.ppm_0wbs_elemt_attr,POSID,wbsElement,String,,,
raw.ppm_0wbs_elemt_attr,cleansed.ppm_0wbs_elemt_attr,PRART,projectType,String,,,
raw.ppm_0wbs_elemt_attr,cleansed.ppm_0wbs_elemt_attr,PRCTR,profitCenter,String,,,
raw.ppm_0wbs_elemt_attr,cleansed.ppm_0wbs_elemt_attr,PSPEX,wbsElementExternal,String,,,
raw.ppm_0wbs_elemt_attr,cleansed.ppm_0wbs_elemt_attr,PSPID,projectDefinition,String,,,
raw.ppm_0wbs_elemt_attr,cleansed.ppm_0wbs_elemt_attr,PSPRI,priority,String,,,
raw.ppm_0wbs_elemt_attr,cleansed.ppm_0wbs_elemt_attr,PWPOS,wbsElementCurrency,String,,,
raw.ppm_0wbs_elemt_attr,cleansed.ppm_0wbs_elemt_attr,RHIER,strategicPlanningIndicator,String,,,
raw.ppm_0wbs_elemt_attr,cleansed.ppm_0wbs_elemt_attr,SCOPE,objectClass,String,,,
raw.ppm_0wbs_elemt_attr,cleansed.ppm_0wbs_elemt_attr,STUFE,projectHierarchyLevel,String,,,
raw.ppm_0wbs_elemt_attr,cleansed.ppm_0wbs_elemt_attr,VERNR,personResponsible,String,,,
raw.ppm_0wbs_elemt_attr,cleansed.ppm_0wbs_elemt_attr,WERKS,plant,String,,,
raw.ppm_0wbs_elemt_attr,cleansed.ppm_0wbs_elemt_attr,XSTAT,statisticalWBSElement,String,,,
raw.ppm_0wbs_elemt_attr,cleansed.ppm_0wbs_elemt_attr,ZZ_BUS_FUNC,businessFunction,String,,,
raw.ppm_0wbs_elemt_attr,cleansed.ppm_0wbs_elemt_attr,ZZ_CASE_NUM,caseNumber,String,,,
raw.ppm_0wbs_elemt_attr,cleansed.ppm_0wbs_elemt_attr,ZZ_INVEST_INI,investmentInitiative,String,,,
raw.ppm_0wbs_elemt_attr,cleansed.ppm_0wbs_elemt_attr,ZZ_MPA_ID,majorProjectAssociationList,String,,,
raw.ppm_0wbs_elemt_attr,cleansed.ppm_0wbs_elemt_attr,ZZ_NETWORK,network,String,,,
raw.ppm_0wbs_elemt_attr,cleansed.ppm_0wbs_elemt_attr,ZZBKTD,bucketDescription,String,,,
raw.ppm_0wbs_elemt_attr,cleansed.ppm_0wbs_elemt_attr,ZZBUKT,bucket,String,,,
raw.ppm_0wbs_elemt_attr,cleansed.ppm_0wbs_elemt_attr,ZZBUS_DRIVER,businessDriver,String,,,
raw.ppm_0wbs_elemt_attr,cleansed.ppm_0wbs_elemt_attr,ZZCEMEL_ID,cemlnclassification,String,,,
raw.ppm_0wbs_elemt_attr,cleansed.ppm_0wbs_elemt_attr,ZZCIP_TYPE,cipAssetType,String,,,
raw.ppm_0wbs_elemt_attr,cleansed.ppm_0wbs_elemt_attr,ZZCMPJ,commericalProject,String,,,
raw.ppm_0wbs_elemt_attr,cleansed.ppm_0wbs_elemt_attr,ZZEENDE,wbsElementForecastFinishDate,date,str-yyyy-mm-dd-to-date,,
raw.ppm_0wbs_elemt_attr,cleansed.ppm_0wbs_elemt_attr,ZZELECTORATE,electorate,String,,,
raw.ppm_0wbs_elemt_attr,cleansed.ppm_0wbs_elemt_attr,ZZESTRT,wbsElementForecastStartDate,date,str-yyyy-mm-dd-to-date,,
raw.ppm_0wbs_elemt_attr,cleansed.ppm_0wbs_elemt_attr,ZZEXTSYNC,synchronizationFlag,String,,,
raw.ppm_0wbs_elemt_attr,cleansed.ppm_0wbs_elemt_attr,ZZEXTSYS,externalSystemId,String,,,
raw.ppm_0wbs_elemt_attr,cleansed.ppm_0wbs_elemt_attr,ZZFACILITY,facility,String,,,
raw.ppm_0wbs_elemt_attr,cleansed.ppm_0wbs_elemt_attr,ZZFILE_NO,fileNo,String,,,
raw.ppm_0wbs_elemt_attr,cleansed.ppm_0wbs_elemt_attr,ZZFMIS,fmisProjectId,String,,,
raw.ppm_0wbs_elemt_attr,cleansed.ppm_0wbs_elemt_attr,ZZGUID,guid,String,,,
raw.ppm_0wbs_elemt_attr,cleansed.ppm_0wbs_elemt_attr,ZZIENDE,wbsElementActualFinishDate,date,str-yyyy-mm-dd-to-date,,
raw.ppm_0wbs_elemt_attr,cleansed.ppm_0wbs_elemt_attr,ZZIMPRF,investmentMeasureProfile,String,,,
raw.ppm_0wbs_elemt_attr,cleansed.ppm_0wbs_elemt_attr,ZZINID,initiativeDescription,String,,,
raw.ppm_0wbs_elemt_attr,cleansed.ppm_0wbs_elemt_attr,ZZINIT,initiative,String,,,
raw.ppm_0wbs_elemt_attr,cleansed.ppm_0wbs_elemt_attr,ZZISTRT,wbsElementActualStartDate,date,str-yyyy-mm-dd-to-date,,
raw.ppm_0wbs_elemt_attr,cleansed.ppm_0wbs_elemt_attr,ZZMUNICIPALITY,municipality,String,,,
raw.ppm_0wbs_elemt_attr,cleansed.ppm_0wbs_elemt_attr,ZZPENDE,wbsElementBasicFinishDate,date,str-yyyy-mm-dd-to-date,,
raw.ppm_0wbs_elemt_attr,cleansed.ppm_0wbs_elemt_attr,ZZPFDS,portfolioDescription,String,,,
raw.ppm_0wbs_elemt_attr,cleansed.ppm_0wbs_elemt_attr,ZZPFID,portfolioId,String,,,
raw.ppm_0wbs_elemt_attr,cleansed.ppm_0wbs_elemt_attr,ZZPRIM,primeId,String,,,
raw.ppm_0wbs_elemt_attr,cleansed.ppm_0wbs_elemt_attr,ZZPRODUCT,plantSection,String,,,
raw.ppm_0wbs_elemt_attr,cleansed.ppm_0wbs_elemt_attr,ZZPSTRT,wbsElementBasicStartDate,date,str-yyyy-mm-dd-to-date,,
raw.ppm_0wbs_elemt_attr,cleansed.ppm_0wbs_elemt_attr,ZZPUBLDATE,lastPublishedDate,date,str-yyyy-mm-dd-to-date,,
raw.ppm_0wbs_elemt_attr,cleansed.ppm_0wbs_elemt_attr,ZZSIRD,ipartSIRId,String,,,
raw.ppm_0wbs_elemt_attr,cleansed.ppm_0wbs_elemt_attr,ZZSTTXT_EXT,userStatusField,String,,,
raw.ppm_0wbs_elemt_attr,cleansed.ppm_0wbs_elemt_attr,ZZSTTXT_INT,systemStatus1,String,,,
raw.ppm_0wbs_elemt_attr,cleansed.ppm_0wbs_elemt_attr,ZZSUB_DELPART,subDeliveryPartner,String,,,
raw.ppm_0wbs_elemt_attr,cleansed.ppm_0wbs_elemt_attr,ZZSYNCDATE,lastSynchronizationDate,date,str-yyyy-mm-dd-to-date,,
raw.ppm_0wbs_elemt_text,cleansed.ppm_0wbs_elemt_text,AEDAT,changedOn,date,str-yyyy-mm-dd-to-date,,
raw.ppm_0wbs_elemt_text,cleansed.ppm_0wbs_elemt_text,DI_OPERATION_TYPE,di_operation_type,String,,,
raw.ppm_0wbs_elemt_text,cleansed.ppm_0wbs_elemt_text,DI_SEQUENCE_NUMBER,di_sequence_number,bigint,,,
raw.ppm_0wbs_elemt_text,cleansed.ppm_0wbs_elemt_text,ERDAT,createdOn,date,str-yyyy-mm-dd-to-date,,
raw.ppm_0wbs_elemt_text,cleansed.ppm_0wbs_elemt_text,EXTRACT_DATETIME,extract_datetime,String,,,
raw.ppm_0wbs_elemt_text,cleansed.ppm_0wbs_elemt_text,POSID,wbsElement,String,,,
raw.ppm_0wbs_elemt_text,cleansed.ppm_0wbs_elemt_text,PSPID,projectDefinition,String,,,
raw.ppm_0wbs_elemt_text,cleansed.ppm_0wbs_elemt_text,TXTMD,mediumDescription,String,,,
raw.ppm_cgpl_text,cleansed.ppm_cgpl_text,EXTRACT_DATETIME,extract_datetime,String,,,
raw.ppm_cgpl_text,cleansed.ppm_cgpl_text,GUID,projectPlanningGuid,String,,,
raw.ppm_cgpl_text,cleansed.ppm_cgpl_text,TEXT_GUID,textGuid,String,,,
raw.ppm_cgpl_text,cleansed.ppm_cgpl_text,TEXT1,shortText,String,,,
raw.ppm_cgpl_text,cleansed.ppm_cgpl_text,TEXTU,shortText1,String,,,
raw.ppm_ihpa,cleansed.ppm_ihpa,ADRNR,addressNumber,String,,,
raw.ppm_ihpa,cleansed.ppm_ihpa,AEDAT,changedOnDate,Date,str-yyyy-mm-dd-to-date,,
raw.ppm_ihpa,cleansed.ppm_ihpa,AENAM,changedById,String,,,
raw.ppm_ihpa,cleansed.ppm_ihpa,AEZEIT,changedTime,String,,,
raw.ppm_ihpa,cleansed.ppm_ihpa,COUNTER,counterDigitId,String,,,
raw.ppm_ihpa,cleansed.ppm_ihpa,ERDAT,createdOnDate,Date,str-yyyy-mm-dd-to-date,,
raw.ppm_ihpa,cleansed.ppm_ihpa,ERNAM,createdById,String,,,
raw.ppm_ihpa,cleansed.ppm_ihpa,ERZEIT,createdTime,String,,,
raw.ppm_ihpa,cleansed.ppm_ihpa,EXTRACT_DATETIME,extract_datetime,String,,,
raw.ppm_ihpa,cleansed.ppm_ihpa,INHER,orginDataIndicator,String,,,
raw.ppm_ihpa,cleansed.ppm_ihpa,KZLOESCH,deleteDataRecord,String,,,
raw.ppm_ihpa,cleansed.ppm_ihpa,OBJNR,objectNumber,String,,,
raw.ppm_ihpa,cleansed.ppm_ihpa,OBTYP,objectType,String,,,
raw.ppm_ihpa,cleansed.ppm_ihpa,PARNR,partnerId,String,,,
raw.ppm_ihpa,cleansed.ppm_ihpa,PARVW,partnerFunctionId,String,,,
raw.ppm_ihpa,cleansed.ppm_ihpa,TZONSP,partnerTimeZone,String,,,
raw.ppm_rpm_item_d,cleansed.ppm_rpm_item_d,ACT_DPCPT_GUID,dcptGuid,String,,,
raw.ppm_rpm_item_d,cleansed.ppm_rpm_item_d,ACTUAL_FINISH,itemActualFinishDate,Date,str-yyyy-mm-dd-to-date,,
raw.ppm_rpm_item_d,cleansed.ppm_rpm_item_d,ACTUAL_START,itemAactualStartDate,Date,str-yyyy-mm-dd-to-date,,
raw.ppm_rpm_item_d,cleansed.ppm_rpm_item_d,BUDGET_STATUS,itemBudgetStatusIndicator,String,,,
raw.ppm_rpm_item_d,cleansed.ppm_rpm_item_d,CAP_PERIODTYPE,itemCapacityPeriodBreakdownMonth,String,,,
raw.ppm_rpm_item_d,cleansed.ppm_rpm_item_d,CATEGORY,projectCategoryCode,String,,,
raw.ppm_rpm_item_d,cleansed.ppm_rpm_item_d,CHANGED_BY,itemChangedById,String,,,
raw.ppm_rpm_item_d,cleansed.ppm_rpm_item_d,COMM_PROJECT,commercialProjectIndicator,String,flag-x-yes-no,,
raw.ppm_rpm_item_d,cleansed.ppm_rpm_item_d,COMPLETED_WORK_STATUS,itemCompletedWorkStatusIndicator,String,,,
raw.ppm_rpm_item_d,cleansed.ppm_rpm_item_d,CONTRACTUAL_STATUS,contractualStatusIndicator,String,,,
raw.ppm_rpm_item_d,cleansed.ppm_rpm_item_d,COST_VAR_CATEG,projectCostVarianceCategoryId,String,,,
raw.ppm_rpm_item_d,cleansed.ppm_rpm_item_d,COSTD,itemDevelopmentCostAmount,String,,,
raw.ppm_rpm_item_d,cleansed.ppm_rpm_item_d,COSTL,ipartBudgetAmount,String,,,
raw.ppm_rpm_item_d,cleansed.ppm_rpm_item_d,CURRENCY,currencykey,String,,,
raw.ppm_rpm_item_d,cleansed.ppm_rpm_item_d,DEL_PARTNER,itemDeliveryPartnerId,String,,,
raw.ppm_rpm_item_d,cleansed.ppm_rpm_item_d,DISCOUNT_RATE,discountRate,String,,,
raw.ppm_rpm_item_d,cleansed.ppm_rpm_item_d,EA_DUMMY,dummyDataElement,String,,,
raw.ppm_rpm_item_d,cleansed.ppm_rpm_item_d,ECV,expectedCommercialValueAmount,String,,,
raw.ppm_rpm_item_d,cleansed.ppm_rpm_item_d,ENVIRONMENTAL_STATUS,environmentalStatusIndicator,String,,,
raw.ppm_rpm_item_d,cleansed.ppm_rpm_item_d,ESCALATION,escalationFlagIndicator,String,,,
raw.ppm_rpm_item_d,cleansed.ppm_rpm_item_d,EXTERNAL_ID,itemDetailId,String,,,
raw.ppm_rpm_item_d,cleansed.ppm_rpm_item_d,EXTRACT_DATETIME,extract_datetime,String,,,
raw.ppm_rpm_item_d,cleansed.ppm_rpm_item_d,FMIS_ID,fmisProjectId,String,,,
raw.ppm_rpm_item_d,cleansed.ppm_rpm_item_d,FORECAST_FINISH,itemForecastFinishDate,Date,str-yyyy-mm-dd-to-date,,
raw.ppm_rpm_item_d,cleansed.ppm_rpm_item_d,FORECAST_START,itemForecastStartDate,Date,str-yyyy-mm-dd-to-date,,
raw.ppm_rpm_item_d,cleansed.ppm_rpm_item_d,FRCST_BGT_TOTAL,portfolioForecastedBudgetTotalAmount,String,,,
raw.ppm_rpm_item_d,cleansed.ppm_rpm_item_d,FRCST_BGTANNUAL,portfolioForecastedBudgetAnnualAmount,String,,,
raw.ppm_rpm_item_d,cleansed.ppm_rpm_item_d,FRCST_COST_YTD,portfolioForecastedCostYtdAmount,String,,,
raw.ppm_rpm_item_d,cleansed.ppm_rpm_item_d,FRCST_COSTTOTAL,portfolioForecastedCostTotalAmount,String,,,
raw.ppm_rpm_item_d,cleansed.ppm_rpm_item_d,GEOGRAPHY,projectGeographyCode,String,,,
raw.ppm_rpm_item_d,cleansed.ppm_rpm_item_d,GUID,itemDetailGuid,String,,,
raw.ppm_rpm_item_d,cleansed.ppm_rpm_item_d,HEADC,itemActualHeadcountNumber,String,,,
raw.ppm_rpm_item_d,cleansed.ppm_rpm_item_d,INCIDENTS_STATUS,itemIncidentsStatusIndicator,String,,,
raw.ppm_rpm_item_d,cleansed.ppm_rpm_item_d,INITIATIVE_GUID,initiativeDetailGuid,String,,,
raw.ppm_rpm_item_d,cleansed.ppm_rpm_item_d,IS_GLOBAL,globalTemplate,String,,,
raw.ppm_rpm_item_d,cleansed.ppm_rpm_item_d,ITEM_CLASS,itemClassificationId,String,,,
raw.ppm_rpm_item_d,cleansed.ppm_rpm_item_d,ITEM_TYPE,itemTypeId,String,,,
raw.ppm_rpm_item_d,cleansed.ppm_rpm_item_d,LOCATION,projectLocation,String,,,
raw.ppm_rpm_item_d,cleansed.ppm_rpm_item_d,MASTER_ITEM_GUID,masterItemGuid,String,,,
raw.ppm_rpm_item_d,cleansed.ppm_rpm_item_d,NPV,netPresentValueAmount,String,,,
raw.ppm_rpm_item_d,cleansed.ppm_rpm_item_d,OVERALL_STATUS,overallStatusId,String,,,
raw.ppm_rpm_item_d,cleansed.ppm_rpm_item_d,PARENT_GUID,bucketGuid,String,,,
raw.ppm_rpm_item_d,cleansed.ppm_rpm_item_d,PERIODTYPE,financialPeriodBreakdownMonth,String,,,
raw.ppm_rpm_item_d,cleansed.ppm_rpm_item_d,PHASE,projectPhaseCode,String,,,
raw.ppm_rpm_item_d,cleansed.ppm_rpm_item_d,PLANNED_FINISH,itemPlannedFinishDate,Date,str-yyyy-mm-dd-to-date,,
raw.ppm_rpm_item_d,cleansed.ppm_rpm_item_d,PLANNED_START,itemPlannedStartDate,Date,str-yyyy-mm-dd-to-date,,
raw.ppm_rpm_item_d,cleansed.ppm_rpm_item_d,PLANNED_WORK_STATUS,itemPlannedWorkStatusId,String,,,
raw.ppm_rpm_item_d,cleansed.ppm_rpm_item_d,PORTFL_ITEM_GUID,portfolioItemGuid,String,,,
raw.ppm_rpm_item_d,cleansed.ppm_rpm_item_d,PORTFOLIO_GUID,portfolioGuid,String,,,
raw.ppm_rpm_item_d,cleansed.ppm_rpm_item_d,PRIME_ID,itemPrimeId,String,,,
raw.ppm_rpm_item_d,cleansed.ppm_rpm_item_d,PRIORITY_GROUP,itemPriorityGroupId,String,,,
raw.ppm_rpm_item_d,cleansed.ppm_rpm_item_d,PROBC,probabilityOfCommercialSuccessPercent,String,,,
raw.ppm_rpm_item_d,cleansed.ppm_rpm_item_d,PROBT,probabilityOfTechnicalSuccessPercent,String,,,
raw.ppm_rpm_item_d,cleansed.ppm_rpm_item_d,PROFIT_CENTRE,profitCenterNumber,String,,,
raw.ppm_rpm_item_d,cleansed.ppm_rpm_item_d,PROFIT_CENTRE_NAME,profitcenterName,String,,,
raw.ppm_rpm_item_d,cleansed.ppm_rpm_item_d,PROGRAM_MILESTONE_STATUS,programMilestoneStatusCode,String,,,
raw.ppm_rpm_item_d,cleansed.ppm_rpm_item_d,PTYPE,projectTypeCode,String,,,
raw.ppm_rpm_item_d,cleansed.ppm_rpm_item_d,QUALITY_STATUS,qualityStatusCode,String,,,
raw.ppm_rpm_item_d,cleansed.ppm_rpm_item_d,REQ_COST_CENTRE,requestingCostCenterNumber,String,,,
raw.ppm_rpm_item_d,cleansed.ppm_rpm_item_d,REQ_COST_DESC,requestingCostCenterDescription,String,,,
raw.ppm_rpm_item_d,cleansed.ppm_rpm_item_d,RESOURCES_STATUS,resourcesStatusCode,String,,,
raw.ppm_rpm_item_d,cleansed.ppm_rpm_item_d,RESP_COST_CENTRE,responsibleCostCenterNumber,String,,,
raw.ppm_rpm_item_d,cleansed.ppm_rpm_item_d,RESP_COST_DESC,responsibleCostCenterDescription,String,,,
raw.ppm_rpm_item_d,cleansed.ppm_rpm_item_d,RISK_STATUS,riskStatusId,String,,,
raw.ppm_rpm_item_d,cleansed.ppm_rpm_item_d,RISKA,itemAssessedProjectRisk,String,,,
raw.ppm_rpm_item_d,cleansed.ppm_rpm_item_d,RPM_CHANGED_ON,itemChangedOnTimestamp,TimeStamp,double-to-datetime,,
raw.ppm_rpm_item_d,cleansed.ppm_rpm_item_d,SCOPE_STATUS,scopeStatusId,String,,,
raw.ppm_rpm_item_d,cleansed.ppm_rpm_item_d,SIR_ID,ipartSIRId,String,,,
raw.ppm_rpm_item_d,cleansed.ppm_rpm_item_d,STAKEHOLDER_STATUS,stakeholderStatus,String,,,
raw.ppm_rpm_item_d,cleansed.ppm_rpm_item_d,STATUS,projectApprovalStatusId,String,,,
raw.ppm_rpm_item_d,cleansed.ppm_rpm_item_d,STATUS,projectApprovalStatusDescription,String,,,lookup-ppm-rpmitemd
raw.ppm_rpm_item_d,cleansed.ppm_rpm_item_d,SUBCATEGORY,itemSubCategoryId,String,,,
raw.ppm_rpm_item_d,cleansed.ppm_rpm_item_d,TEMPLATE_GUID,templateGuid,String,,,
raw.ppm_rpm_item_d,cleansed.ppm_rpm_item_d,TIME_STATUS,timeStatusId,String,,,
raw.ppm_rpm_item_d,cleansed.ppm_rpm_item_d,TTYPE,technologyTypeId,String,,,
raw.ppm_rpm_item_d,cleansed.ppm_rpm_item_d,UNIT,capacityUnitId,String,,,
raw.ppm_rpm_item_d,cleansed.ppm_rpm_item_d,VERSION_ITEM,projectVersionFlagIndicator,String,,,
raw.ppm_rpm_relation_d,cleansed.ppm_rpm_relation_d,CAP_PERCENT,capacityPercentage,Float,,,
raw.ppm_rpm_relation_d,cleansed.ppm_rpm_relation_d,CHANGED_BY,changedBy,String,,,
raw.ppm_rpm_relation_d,cleansed.ppm_rpm_relation_d,CHANGED_ON,changedOn,TimeStamp,double-to-datetime,,
raw.ppm_rpm_relation_d,cleansed.ppm_rpm_relation_d,EA_DUMMY,singleFlag,String,,,
raw.ppm_rpm_relation_d,cleansed.ppm_rpm_relation_d,EXTERNAL_ID,externalId,String,,,
raw.ppm_rpm_relation_d,cleansed.ppm_rpm_relation_d,EXTRACT_DATETIME,extract_datetime,String,,,
raw.ppm_rpm_relation_d,cleansed.ppm_rpm_relation_d,FIN_PERCENT,financialPercentage,Float,,,
raw.ppm_rpm_relation_d,cleansed.ppm_rpm_relation_d,GUID,guid,String,,,
raw.ppm_rpm_relation_d,cleansed.ppm_rpm_relation_d,GUID1,guid1,String,,,
raw.ppm_rpm_relation_d,cleansed.ppm_rpm_relation_d,GUID2,guid2,String,,,
raw.ppm_rpm_relation_d,cleansed.ppm_rpm_relation_d,PARENT_GUID,BucketGuid,String,,,
raw.ppm_rpm_relation_d,cleansed.ppm_rpm_relation_d,PORTFOLIO_GUID,portfolioGuid,String,,,
raw.ppm_rpm_relation_d,cleansed.ppm_rpm_relation_d,RELATION_TYPE,relationType,String,,,
raw.ppm_rpm_relation_d,cleansed.ppm_rpm_relation_d,TYPE_REF,typeReference,String,,,
raw.ppm_rpm_status_t,cleansed.ppm_rpm_status_t,EXTRACT_DATETIME,extract_datetime,String,,,
raw.ppm_rpm_status_t,cleansed.ppm_rpm_status_t,STATUS,projectApprovalStatusId,String,,,
raw.ppm_rpm_status_t,cleansed.ppm_rpm_status_t,TEXT,projectApprovalStatusDescription,String,,,
raw.ppm_rpsco,cleansed.ppm_rpsco,ABKAT,analysisCategory,String,,,
raw.ppm_rpsco,cleansed.ppm_rpsco,ACPOS,valueCategory,String,,,
raw.ppm_rpsco,cleansed.ppm_rpsco,BELTP,debitType,Integer,,,
raw.ppm_rpsco,cleansed.ppm_rpsco,EXTRACT_DATETIME,extract_datetime,String,,,
raw.ppm_rpsco,cleansed.ppm_rpsco,GEBER,fund,String,,,
raw.ppm_rpsco,cleansed.ppm_rpsco,GJAHR,fiscalYear,Integer,,,
raw.ppm_rpsco,cleansed.ppm_rpsco,LEDNR,budgetLedger,String,,,
raw.ppm_rpsco,cleansed.ppm_rpsco,OBJNR,objectNumber,String,,,
raw.ppm_rpsco,cleansed.ppm_rpsco,PERBL,periodBlock,Integer,,,
raw.ppm_rpsco,cleansed.ppm_rpsco,TRGKZ,objectIndicator,String,,,
raw.ppm_rpsco,cleansed.ppm_rpsco,TWAER,transactionCurrency,String,,,
raw.ppm_rpsco,cleansed.ppm_rpsco,VERSN,planningVersion,String,,,
raw.ppm_rpsco,cleansed.ppm_rpsco,VORGA,budgetPlanning,String,,,
raw.ppm_rpsco,cleansed.ppm_rpsco,WLP00,periodValue0,Float,,,
raw.ppm_rpsco,cleansed.ppm_rpsco,WLP01,periodValue01,Float,,,
raw.ppm_rpsco,cleansed.ppm_rpsco,WLP02,periodValue02,Float,,,
raw.ppm_rpsco,cleansed.ppm_rpsco,WLP03,periodValue03,Float,,,
raw.ppm_rpsco,cleansed.ppm_rpsco,WLP04,periodValue04,Float,,,
raw.ppm_rpsco,cleansed.ppm_rpsco,WLP05,periodValue05,Float,,,
raw.ppm_rpsco,cleansed.ppm_rpsco,WLP06,periodValue06,Float,,,
raw.ppm_rpsco,cleansed.ppm_rpsco,WLP07,periodValue07,Float,,,
raw.ppm_rpsco,cleansed.ppm_rpsco,WLP08,periodValue08,Float,,,
raw.ppm_rpsco,cleansed.ppm_rpsco,WLP09,periodValue09,Float,,,
raw.ppm_rpsco,cleansed.ppm_rpsco,WLP10,periodValue10,Float,,,
raw.ppm_rpsco,cleansed.ppm_rpsco,WLP11,periodValue11,Float,,,
raw.ppm_rpsco,cleansed.ppm_rpsco,WLP12,periodValue12,Float,,,
raw.ppm_rpsco,cleansed.ppm_rpsco,WLP13,periodValue13,Float,,,
raw.ppm_rpsco,cleansed.ppm_rpsco,WLP14,periodValue14,Float,,,
raw.ppm_rpsco,cleansed.ppm_rpsco,WLP15,periodValue15,Float,,,
raw.ppm_rpsco,cleansed.ppm_rpsco,WLP16,periodValue16,Float,,,
raw.ppm_rpsco,cleansed.ppm_rpsco,WRTTP,valueType,String,,,
raw.ppm_rpsco,cleansed.ppm_rpsco,WTP00,annualValue0,Float,,,
raw.ppm_rpsco,cleansed.ppm_rpsco,WTP01,annualValue01,Float,,,
raw.ppm_rpsco,cleansed.ppm_rpsco,WTP02,annualValue02,Float,,,
raw.ppm_rpsco,cleansed.ppm_rpsco,WTP03,annualValue03,Float,,,
raw.ppm_rpsco,cleansed.ppm_rpsco,WTP04,annualValue04,Float,,,
raw.ppm_rpsco,cleansed.ppm_rpsco,WTP05,annualValue05,Float,,,
raw.ppm_rpsco,cleansed.ppm_rpsco,WTP06,annualValue06,Float,,,
raw.ppm_rpsco,cleansed.ppm_rpsco,WTP07,annualValue07,Float,,,
raw.ppm_rpsco,cleansed.ppm_rpsco,WTP08,annualValue08,Float,,,
raw.ppm_rpsco,cleansed.ppm_rpsco,WTP09,annualValue09,Float,,,
raw.ppm_rpsco,cleansed.ppm_rpsco,WTP10,annualValue10,Float,,,
raw.ppm_rpsco,cleansed.ppm_rpsco,WTP11,annualValue11,Float,,,
raw.ppm_rpsco,cleansed.ppm_rpsco,WTP12,annualValue12,Float,,,
raw.ppm_rpsco,cleansed.ppm_rpsco,WTP13,annualValue13,Float,,,
raw.ppm_rpsco,cleansed.ppm_rpsco,WTP14,annualValue14,Float,,,
raw.ppm_rpsco,cleansed.ppm_rpsco,WTP15,annualValue15,Float,,,
raw.ppm_rpsco,cleansed.ppm_rpsco,WTP16,annualValue16,Float,,,
raw.ppm_tcj4t,cleansed.ppm_tcj4t,EXTRACT_DATETIME,extract_datetime,String,,,
raw.ppm_tcj4t,cleansed.ppm_tcj4t,PROFI_TXT,profileText,String,,,
raw.ppm_tcj4t,cleansed.ppm_tcj4t,PROFIDPROJ,projectProfile,String,,,
raw.ppm_wpi,cleansed.ppm_wpi,BASE_YEAR,calenderYear,Integer,,,
raw.ppm_wpi,cleansed.ppm_wpi,FISCAL_YEAR,fiscalYear,Integer,,,
raw.ppm_wpi,cleansed.ppm_wpi,WPI_RATE,wpiRate,String,,,
raw.ppm_wpi,cleansed.ppm_wpi,WRTTP,valueType,String,,,
raw.ppm_ds_bpc_historical_data,cleansed.ppm_ds_bpc_historical_data,COST_CENTER,costCenter,String,,,
raw.ppm_ds_bpc_historical_data,cleansed.ppm_ds_bpc_historical_data,COST_ELEMENT,costElement,String,,,
raw.ppm_ds_bpc_historical_data,cleansed.ppm_ds_bpc_historical_data,FISCAL_YEAR_PERIOD,fiscalYearPeriod,Integer,,,
raw.ppm_ds_bpc_historical_data,cleansed.ppm_ds_bpc_historical_data,FISCAL_PERIOD,fiscalPeriod,Integer,,,
raw.ppm_ds_bpc_historical_data,cleansed.ppm_ds_bpc_historical_data,FISCAL_YEAR,fiscalYear,Integer,,,
raw.ppm_ds_bpc_historical_data,cleansed.ppm_ds_bpc_historical_data,FORECASTED_YEAR,forecastedYear,Integer,,,
raw.ppm_ds_bpc_historical_data,cleansed.ppm_ds_bpc_historical_data,UNIQUE_KEY,uniquekey,String,,,
raw.ppm_ds_bpc_historical_data,cleansed.ppm_ds_bpc_historical_data,VAL_PERXX,amountValue,Float,,,
raw.ppm_ds_bpc_historical_data,cleansed.ppm_ds_bpc_historical_data,VALUE_TYPE,valueType,String,,,
raw.ppm_ds_bpc_historical_data,cleansed.ppm_ds_bpc_historical_data,VERSION,version,String,,,
raw.ppm_ds_bpc_historical_data,cleansed.ppm_ds_bpc_historical_data,WBS_ELEMENT,wbsElement,String,,,
raw.ppm_ds_gl_historical_data,cleansed.ppm_ds_gl_historical_data,ACCOUNTING_PERIOD,accountingPeriod,Integer,,,
raw.ppm_ds_gl_historical_data,cleansed.ppm_ds_gl_historical_data,AMOUNT,amount,Float,,,
raw.ppm_ds_gl_historical_data,cleansed.ppm_ds_gl_historical_data,COMPANY_CODE,companyCode,String,,,
raw.ppm_ds_gl_historical_data,cleansed.ppm_ds_gl_historical_data,COST_CENTRE,costCentre,String,,,
raw.ppm_ds_gl_historical_data,cleansed.ppm_ds_gl_historical_data,CURRENCY,currency,String,,,
raw.ppm_ds_gl_historical_data,cleansed.ppm_ds_gl_historical_data,DOCUMENT_DATE,documentDate,Date,str-yyyy-mm-dd-to-date,,
raw.ppm_ds_gl_historical_data,cleansed.ppm_ds_gl_historical_data,DOCUMENT_TYPE,documentType,String,,,
raw.ppm_ds_gl_historical_data,cleansed.ppm_ds_gl_historical_data,GL_ACCOUNT,glAccount,String,,,
raw.ppm_ds_gl_historical_data,cleansed.ppm_ds_gl_historical_data,IGNOREFLAG,ignoreFlag,String,,,
raw.ppm_ds_gl_historical_data,cleansed.ppm_ds_gl_historical_data,POSTING_DATE,postingDate,Date,str-yyyy-mm-dd-to-date,,
raw.ppm_ds_gl_historical_data,cleansed.ppm_ds_gl_historical_data,POSTING_KEY,postingKey,Integer,,,
raw.ppm_ds_gl_historical_data,cleansed.ppm_ds_gl_historical_data,PROFIT_CENTRE,profitCentre,String,,,
raw.ppm_ds_gl_historical_data,cleansed.ppm_ds_gl_historical_data,SGTEXT,shortText,String,,,
raw.ppm_ds_gl_historical_data,cleansed.ppm_ds_gl_historical_data,UNIQUE_KEY,uniqueKey,String,,,
raw.ppm_ds_gl_historical_data,cleansed.ppm_ds_gl_historical_data,VALUE_TYPE,valueType,String,,,
raw.ppm_ds_gl_historical_data,cleansed.ppm_ds_gl_historical_data,WBS_ELEMENT,wbsElement,String,,,
raw.ppm_ds_historical_data,cleansed.ppm_ds_historical_data,BUCKET_ID,bucketId,String,,,
raw.ppm_ds_historical_data,cleansed.ppm_ds_historical_data,CEMEL_CODE,cemelCode,String,,,
raw.ppm_ds_historical_data,cleansed.ppm_ds_historical_data,DELIVERY_PARTNER,deliveryPartner,String,,,
raw.ppm_ds_historical_data,cleansed.ppm_ds_historical_data,ELECTORATE_SWC,electorate,String,,,
raw.ppm_ds_historical_data,cleansed.ppm_ds_historical_data,END_DT,endDate,Date,str-yyyy-mm-dd-to-date,,
raw.ppm_ds_historical_data,cleansed.ppm_ds_historical_data,FILE_NO_SWC,fileNo,String,,,
raw.ppm_ds_historical_data,cleansed.ppm_ds_historical_data,FINACIAL_PERCENT,finacialPercent,Float,,,
raw.ppm_ds_historical_data,cleansed.ppm_ds_historical_data,IPART_SIRID,ipartSirId,String,,,
raw.ppm_ds_historical_data,cleansed.ppm_ds_historical_data,MUNIC_SWC,municipality,String,,,
raw.ppm_ds_historical_data,cleansed.ppm_ds_historical_data,PORTFOLIO_ID,portfolioId,String,,,
raw.ppm_ds_historical_data,cleansed.ppm_ds_historical_data,PRIME_ID,primeId,String,,,
raw.ppm_ds_historical_data,cleansed.ppm_ds_historical_data,PROGRAM_ID,programId,String,,,
raw.ppm_ds_historical_data,cleansed.ppm_ds_historical_data,PROGRAM_MANAGER,programManager,String,,,
raw.ppm_ds_historical_data,cleansed.ppm_ds_historical_data,PROJECT_ID,projectId,String,,,
raw.ppm_ds_historical_data,cleansed.ppm_ds_historical_data,PROJECT_MANAGER,projectManager,String,,,
raw.ppm_ds_historical_data,cleansed.ppm_ds_historical_data,PROJECT_PROFILE,projectProfile,String,,,
raw.ppm_ds_historical_data,cleansed.ppm_ds_historical_data,PROJECT_STATUS,projectStatus,String,,,
raw.ppm_ds_historical_data,cleansed.ppm_ds_historical_data,RESPONSIBLE_COST_CENTRE,responsibleCostCentre,String,,,
raw.ppm_ds_historical_data,cleansed.ppm_ds_historical_data,START_DT,startDate,Date,str-yyyy-mm-dd-to-date,,
raw.ppm_ds_historical_data,cleansed.ppm_ds_historical_data,UNIQUE_KEY,uniqueKey,String,,,
raw.ppm_ds_historical_data,cleansed.ppm_ds_historical_data,WBS_ID,wbsId,String,,,
raw.ppm_ds_project_attr,cleansed.ppm_ds_project_attr,PROJECT_PROFILE,projectProfile,String,,,
raw.ppm_ds_project_attr,cleansed.ppm_ds_project_attr,PROJECT_ID,projectId,String,,,
raw.ppm_ds_project_text,cleansed.ppm_ds_project_text,PROJECT_DESCRIPTION,projectDescription,String,,,
raw.ppm_ds_project_text,cleansed.ppm_ds_project_text,PROJECT_ID,projectId,String,,,
raw.ppm_wbs_element_dp_sdp,cleansed.ppm_wbs_element_dp_sdp,DELIVERY_PARTNER,deliveryPartner,String,,,
raw.ppm_wbs_element_dp_sdp,cleansed.ppm_wbs_element_dp_sdp,PROJECT_ID,projectId,String,,,
raw.ppm_wbs_element_dp_sdp,cleansed.ppm_wbs_element_dp_sdp,PS_LEVEL,projectPSLevel,String,,,
raw.ppm_wbs_element_dp_sdp,cleansed.ppm_wbs_element_dp_sdp,SUB_DELIVERY_PARTNER,subDeliveryPartner,String,,,
raw.ppm_wbs_element_dp_sdp,cleansed.ppm_wbs_element_dp_sdp,WBS_ELEMENT,wbsElement,String,,,
raw.ppm_zbwt_wpi,cleansed.ppm_zbwt_wpi,FISCAL_YEAR,fiscalYear,Integer,,,
raw.ppm_zbwt_wpi,cleansed.ppm_zbwt_wpi,OPERATION,operation,String,,,
raw.ppm_zbwt_wpi,cleansed.ppm_zbwt_wpi,TYPE,type,String,,,
raw.ppm_zbwt_wpi,cleansed.ppm_zbwt_wpi,VALUE_TYPE,valueType,String,,,
raw.ppm_zbwt_wpi,cleansed.ppm_zbwt_wpi,WPI_RATE,wpiRate,String,,,
raw.ppm_zept_sub_delpart,cleansed.ppm_zept_sub_delpart,EXTRACT_DATETIME,extract_datetime,String,,,
raw.ppm_zept_sub_delpart,cleansed.ppm_zept_sub_delpart,PRART,projectType,String,,,
raw.ppm_zept_sub_delpart,cleansed.ppm_zept_sub_delpart,ZZSUB_DELPART,subDeliveryPartner,String,,,
raw.ppm_zept_sub_delpart,cleansed.ppm_zept_sub_delpart,ZZSUB_DELPART_DESC,subDeliveryPartnerDescription,String,,,
raw.ppm_0ac_doc_typ_text,cleansed.ppm_0ac_doc_typ_text,AC_DOC_TYPE,accountingDocumentType,String,,,
raw.ppm_0ac_doc_typ_text,cleansed.ppm_0ac_doc_typ_text,SPEND_TYPE,spendType,String,,,
raw.ppm_cgpl_text ,cleansed.ppm_cgpl_text ,EXTRACT_DATETIME,extract_datetime,String,,,
raw.ppm_cgpl_text ,cleansed.ppm_cgpl_text ,GUID,projectPlanningGuid,String,,,
raw.ppm_cgpl_text ,cleansed.ppm_cgpl_text ,TEXT_GUID,textGuid,String,,,
raw.ppm_cgpl_text ,cleansed.ppm_cgpl_text ,TEXT1,shortText,String,,,
raw.ppm_cgpl_text ,cleansed.ppm_cgpl_text ,TEXTU,shortText1,String,,,
raw.ppm_wpi,cleansed.ppm_wpi,FISCAL_YEAR,fiscalYear,Integer,,,
raw.ppm_wpi,cleansed.ppm_wpi,WPI_RATE,wpiRate,String,,,
raw.ppm_ds_bpc_historical_data,cleansed.ppm_ds_bpc_historical_data,COST_CENTER,costCenter,String,,,
raw.ppm_ds_bpc_historical_data,cleansed.ppm_ds_bpc_historical_data,COST_ELEMENT,costElement,String,,,
raw.ppm_ds_bpc_historical_data,cleansed.ppm_ds_bpc_historical_data,FISCAL_YEAR_PERIOD,fiscalYearPeriod,Integer,,,
raw.ppm_ds_bpc_historical_data,cleansed.ppm_ds_bpc_historical_data,FORECASTED_YEAR,forecastedYear,Integer,,,
raw.ppm_ds_bpc_historical_data,cleansed.ppm_ds_bpc_historical_data,UNIQUE_KEY,uniquekey,String,,,
raw.ppm_ds_bpc_historical_data,cleansed.ppm_ds_bpc_historical_data,VALUE_TYPE,valueType,String,,,
raw.ppm_ds_historical_data,cleansed.ppm_ds_historical_data,FINACIAL_PERCENT,finacialPercent,Float,,,
raw.ppm_ds_project_attr,cleansed.ppm_ds_project_attr,PROJECT_PROFILE,projectProfile,String,,,
raw.ppm_ds_project_text,cleansed.ppm_ds_project_text,PROJECT_DESCRIPTION,projectDescription,String,,,
raw.ppm_ds_project_text,cleansed.ppm_ds_project_text,PROJECT_ID,projectId,String,,,
raw.ppm_wbs_element_dp_sdp,cleansed.ppm_wbs_element_dp_sdp,DELIVERY_PARTNER,deliveryPartner,String,,,
raw.ppm_wbs_element_dp_sdp,cleansed.ppm_wbs_element_dp_sdp,PROJECT_ID,projectId,String,,,
raw.ppm_wbs_element_dp_sdp,cleansed.ppm_wbs_element_dp_sdp,PS_LEVEL,projectPSLevel,String,,,
raw.ppm_wbs_element_dp_sdp,cleansed.ppm_wbs_element_dp_sdp,SUB_DELIVERY_PARTNER,subDeliveryPartner,String,,,
raw.ppm_wbs_element_dp_sdp,cleansed.ppm_wbs_element_dp_sdp,WBS_ELEMENT,wbsElement,String,,,
raw.ppm_zbwt_wpi,cleansed.ppm_zbwt_wpi,FISCAL_YEAR,fiscalYear,Integer,,,
raw.ppm_zbwt_wpi,cleansed.ppm_zbwt_wpi,TYPE,type,String,,,
raw.ppm_zbwt_wpi,cleansed.ppm_zbwt_wpi,VALUE_TYPE,valueType,String,,,
raw.ppm_zbwt_wpi,cleansed.ppm_zbwt_wpi,WPI_RATE,wpiRate,String,,,
raw.ppm_zept_mpalist,cleansed.ppm_zept_mpalist,EXTRACT_DATETIME,extract_Datetime,String,,,
raw.ppm_zept_mpalist,cleansed.ppm_zept_mpalist,ZZ_MPA_DESCRIPTION,majorProjectAssociationDescription,String,,,
raw.ppm_zept_mpalist,cleansed.ppm_zept_mpalist,ZZ_MPA_ID,majorProjectAssociationId,String,,,
raw.ppm_zept_del_partner,cleansed.ppm_zept_del_partner,DEL_PARTNER,deliveryPartner,String,,,
raw.ppm_zept_del_partner,cleansed.ppm_zept_del_partner,DEL_PART_KEY,deliveryPartnerKey,String,,,
raw.ppm_zept_del_partner,cleansed.ppm_zept_del_partner,EXTRACT_DATETIME,extract_Datetime,String,,,
raw.ppm_zept_cip_typ,cleansed.ppm_zept_cip_typ,EXTRACT_DATETIME,extract_Datetime,String,,,
raw.ppm_zept_cip_typ,cleansed.ppm_zept_cip_typ,ZZ_CIP_DESC,cipAssetTypeDescription,String,,,
raw.ppm_zept_cip_typ,cleansed.ppm_zept_cip_typ,ZZ_CIP_TYP,cipAssetType,String,,,
raw.ppm_zps_psf_commlog,cleansed.ppm_zps_psf_commlog,AEDAT,changedOnDate,string,,,
raw.ppm_zps_psf_commlog,cleansed.ppm_zps_psf_commlog,AENAM,changedById,string,,,
raw.ppm_zps_psf_commlog,cleansed.ppm_zps_psf_commlog,AETIM,changedTime,string,,,
raw.ppm_zps_psf_commlog,cleansed.ppm_zps_psf_commlog,CALMONTH,calendarMonth,bigint,,,
raw.ppm_zps_psf_commlog,cleansed.ppm_zps_psf_commlog,CALYEAR,calendarYear,bigint,,,
raw.ppm_zps_psf_commlog,cleansed.ppm_zps_psf_commlog,COMMENTARY,commentary,string,,,
raw.ppm_zps_psf_commlog,cleansed.ppm_zps_psf_commlog,EXTRACT_DATETIME,extract_Datetime,string,,,
raw.ppm_zps_psf_commlog,cleansed.ppm_zps_psf_commlog,PROJECT,projectObject,string,,,
raw.ppm_zps_psf_commlog,cleansed.ppm_zps_psf_commlog,STATUS,projectStatus,string,,,
raw.ppm_zps_psf_commlog,cleansed.ppm_zps_psf_commlog,STATUSICON,projectStatusIcon,string,,,
